image_id,annotator,age,previous_age,uncertain,is_issue,timestamp,comments,unusable,cruise,station_nr,individual_id
24320290.jpg,petrun,4,4,FALSE,FALSE,2026-05-04T08:37:53.959756+00:00,,,,,
24600950.jpg,petrun,10,10,FALSE,TRUE,2026-05-04T08:38:24.829777+00:00,,,,,
24910773.jpg,petrun,4,4,FALSE,FALSE,2026-05-04T08:38:39.333086+00:00,,,,,
24409451.jpg,petrun,10,10,FALSE,TRUE,2026-05-04T08:39:03.488486+00:00,,,,,
24879560.jpg,petrun,5,4,FALSE,TRUE,2026-05-04T08:39:21.563967+00:00,,,,,
24313710.jpg,petrun,4,5,TRUE,TRUE,2026-05-04T08:39:40.611000+00:00,,,,,
24784433.jpg,petrun,5,5,FALSE,TRUE,2026-05-04T08:39:50.184301+00:00,,,,,
24897455.jpg,petrun,4,5,TRUE,TRUE,2026-05-04T08:40:07.880914+00:00,,,,,
24371063.jpg,petrun,6,5,TRUE,TRUE,2026-05-04T08:40:41.001440+00:00,,,,,
24380191.jpg,petrun,4,5,TRUE,FALSE,2026-05-04T08:41:02.642918+00:00,,,,,
24816045.jpg,petrun,5,5,FALSE,TRUE,2026-05-04T08:41:21.034286+00:00,,,,,
24883764.jpg,petrun,4,5,TRUE,FALSE,2026-05-04T08:41:45.533708+00:00,,,,,
24526303.jpg,petrun,4,5,FALSE,TRUE,2026-05-04T08:42:25.520857+00:00,,,,,
24558346.jpg,petrun,1,1,TRUE,TRUE,2026-05-04T08:43:03.086886+00:00,,,,,
24120455.jpg,petrun,5,5,FALSE,TRUE,2026-05-04T08:43:15.333668+00:00,,,,,
24874028.jpg,petrun,5,4,TRUE,TRUE,2026-05-04T08:43:51.330677+00:00,,,,,
24750037.jpg,petrun,6,5,FALSE,TRUE,2026-05-04T08:44:39.462237+00:00,,,,,
24750958.jpg,petrun,6,5,TRUE,TRUE,2026-05-04T08:45:17.794230+00:00,,,,,
24920549.jpg,petrun,2,2,FALSE,TRUE,2026-05-04T08:45:25.928542+00:00,,,,,
24528378.jpg,petrun,4,4,FALSE,TRUE,2026-05-04T08:45:44.434163+00:00,,,,,
24388559.jpg,petrun,4,5,FALSE,TRUE,2026-05-04T08:46:00.943109+00:00,,,,,
23703207.jpg,petrun,4,4,FALSE,TRUE,2026-05-04T08:46:19.630509+00:00,,,,,
23253707.jpg,petrun,4,4,FALSE,TRUE,2026-05-04T08:46:31.517185+00:00,,,,,
23257475.jpg,petrun,4,4,FALSE,TRUE,2026-05-04T08:47:15.759838+00:00,,,,,
24560478.jpg,petrun,4,4,TRUE,FALSE,2026-05-04T08:47:29.478935+00:00,,,,,
24341711.jpg,petrun,4,5,FALSE,TRUE,2026-05-04T08:47:41.714676+00:00,,,,,
24712354.jpg,petrun,5,5,FALSE,TRUE,2026-05-04T08:52:25.696362+00:00,,,,,
23253702.jpg,petrun,3,3,FALSE,TRUE,2026-05-04T08:52:37.410830+00:00,,,,,
24717282.jpg,petrun,5,5,TRUE,TRUE,2026-05-04T08:52:51.191003+00:00,,,,,
24719427.jpg,petrun,9,10,FALSE,TRUE,2026-05-04T08:53:11.222757+00:00,,,,,
24645163.jpg,petrun,5,5,FALSE,TRUE,2026-05-04T08:53:24.933220+00:00,,,,,
24904557.jpg,petrun,3,4,TRUE,TRUE,2026-05-04T08:53:51.028376+00:00,,,,,
24306813.jpg,petrun,5,5,FALSE,TRUE,2026-05-04T08:54:12.849693+00:00,,,,,
24458721.jpg,petrun,11,10,FALSE,TRUE,2026-05-04T08:54:52.372507+00:00,,,,,
23847980.jpg,petrun,4,4,FALSE,TRUE,2026-05-04T08:55:16.127614+00:00,,,,,
24147942.jpg,petrun,5,5,FALSE,TRUE,2026-05-04T08:55:39.500542+00:00,,,,,
24338995.jpg,petrun,5,5,FALSE,TRUE,2026-05-04T08:56:02.568106+00:00,,,,,
23844941.jpg,petrun,4,4,TRUE,TRUE,2026-05-04T08:56:23.107828+00:00,,,,,
24332972.jpg,petrun,10,10,TRUE,TRUE,2026-05-04T08:57:07.088997+00:00,,,,,
24567585.jpg,petrun,5,5,FALSE,TRUE,2026-05-04T08:57:17.952138+00:00,,,,,
24495918.jpg,petrun,9,12,TRUE,TRUE,2026-05-04T08:58:00.869206+00:00,,,,,
24902456.jpg,petrun,3,3,FALSE,TRUE,2026-05-04T08:58:07.711058+00:00,,,,,
24460280.jpg,petrun,9,10,TRUE,TRUE,2026-05-04T08:58:53.614231+00:00,,,,,
24765221.jpg,petrun,3,4,FALSE,TRUE,2026-05-04T08:59:00.482989+00:00,,,,,
24525868.jpg,petrun,4,5,FALSE,TRUE,2026-05-04T08:59:10.156639+00:00,,,,,
24600143.jpg,petrun,4,4,TRUE,TRUE,2026-05-04T08:59:30.465613+00:00,,,,,
24499397.jpg,petrun,4,3,FALSE,TRUE,2026-05-04T08:59:42.287738+00:00,,,,,
24432064.jpg,petrun,9,10,TRUE,TRUE,2026-05-04T09:00:12.855982+00:00,,,,,
24565271.jpg,petrun,5,5,FALSE,TRUE,2026-05-04T09:00:37.356057+00:00,,,,,
23989857.jpg,petrun,8,12,TRUE,TRUE,2026-05-04T09:00:57.949563+00:00,,,,,
23951283.jpg,petrun,10,10,TRUE,TRUE,2026-05-04T09:01:20.048076+00:00,,,,,
24409104.jpg,petrun,5,5,FALSE,TRUE,2026-05-04T09:01:33.724217+00:00,,,,,
23894712.jpg,petrun,4,4,FALSE,TRUE,2026-05-04T09:01:41.446733+00:00,,,,,
24257397.jpg,petrun,5,5,FALSE,TRUE,2026-05-04T09:01:56.568492+00:00,,,,,
24637755.jpg,petrun,2,2,FALSE,TRUE,2026-05-04T09:02:11.369331+00:00,,,,,
24561533.jpg,petrun,1,1,FALSE,TRUE,2026-05-04T09:02:19.407139+00:00,,,,,
24633349.jpg,petrun,3,3,FALSE,TRUE,2026-05-04T09:02:33.477688+00:00,,,,,
23894714.jpg,petrun,11,11,FALSE,TRUE,2026-05-04T09:03:11.571190+00:00,,,,,
24319683.jpg,petrun,7,5,FALSE,TRUE,2026-05-04T09:03:23.668561+00:00,,,,,
24400913.jpg,petrun,3,5,FALSE,TRUE,2026-05-04T09:03:34.654772+00:00,,,,,
24866913.jpg,petrun,4,4,FALSE,TRUE,2026-05-04T09:03:43.298787+00:00,,,,,
24525866.jpg,petrun,5,5,TRUE,FALSE,2026-05-04T09:04:05.129054+00:00,,,,,
24804311.jpg,petrun,4,4,TRUE,TRUE,2026-05-04T09:05:32.371023+00:00,,,,,
23255336.jpg,petrun,4,4,FALSE,TRUE,2026-05-04T09:05:43.490178+00:00,,,,,
24381470.jpg,petrun,4,5,TRUE,TRUE,2026-05-04T09:06:12.949705+00:00,,,,,
24882605.jpg,petrun,5,5,FALSE,TRUE,2026-05-04T09:06:27.165776+00:00,,,,,
24828248.jpg,petrun,4,4,FALSE,TRUE,2026-05-04T09:06:33.769966+00:00,,,,,
24038008.jpg,petrun,5,5,FALSE,TRUE,2026-05-04T09:06:45.042585+00:00,,,,,
24360085.jpg,petrun,4,4,FALSE,TRUE,2026-05-04T09:06:57.905637+00:00,,,,,
24885009.jpg,petrun,4,4,FALSE,TRUE,2026-05-04T09:07:06.834173+00:00,,,,,
24400386.jpg,petrun,3,5,FALSE,TRUE,2026-05-04T09:07:20.640328+00:00,,,,,
24578497.jpg,petrun,4,4,FALSE,TRUE,2026-05-04T09:07:32.716432+00:00,,,,,
24867815.jpg,petrun,4,4,FALSE,FALSE,2026-05-04T09:07:40.304126+00:00,,,,,
24428242.jpg,petrun,5,5,FALSE,TRUE,2026-05-04T09:07:55.811387+00:00,,,,,
24552097.jpg,petrun,4,4,TRUE,TRUE,2026-05-04T09:08:12.696100+00:00,,,,,
24314543.jpg,petrun,5,5,TRUE,TRUE,2026-05-04T09:08:29.442221+00:00,,,,,
24145092.jpg,petrun,3,3,FALSE,TRUE,2026-05-04T09:08:35.793804+00:00,,,,,
24706822.jpg,petrun,3,3,FALSE,TRUE,2026-05-04T09:08:46.225332+00:00,,,,,
24460284.jpg,petrun,10,10,FALSE,TRUE,2026-05-04T09:09:36.335458+00:00,,,,,
24644333.jpg,petrun,5,5,FALSE,TRUE,2026-05-04T09:09:45.724310+00:00,,,,,
24309330.jpg,petrun,5,5,FALSE,TRUE,2026-05-04T09:10:03.868904+00:00,,,,,
24840593.jpg,petrun,6,5,TRUE,TRUE,2026-05-04T09:10:26.586423+00:00,,,,,
24529626.jpg,petrun,5,5,TRUE,TRUE,2026-05-04T09:10:43.656329+00:00,,,,,
24419873.jpg,petrun,4,4,FALSE,TRUE,2026-05-04T09:10:55.664110+00:00,,,,,
24637899.jpg,petrun,3,3,FALSE,TRUE,2026-05-04T09:11:07.011244+00:00,,,,,
24632986.jpg,petrun,5,5,FALSE,TRUE,2026-05-04T09:11:19.202794+00:00,,,,,
24918573.jpg,petrun,5,2,TRUE,TRUE,2026-05-04T09:11:43.001675+00:00,,,,,
24042465.jpg,petrun,5,5,FALSE,TRUE,2026-05-04T09:11:50.068691+00:00,,,,,
24341705.jpg,petrun,4,4,FALSE,TRUE,2026-05-04T09:12:02.280664+00:00,,,,,
24841082.jpg,petrun,3,3,FALSE,FALSE,2026-05-04T09:12:11.988945+00:00,,,,,
24038410.jpg,petrun,5,5,FALSE,TRUE,2026-05-04T10:57:37.689121+00:00,,,,,
24813843.jpg,petrun,4,4,FALSE,TRUE,2026-05-04T10:57:46.944195+00:00,,,,,
24525870.jpg,petrun,4,5,TRUE,TRUE,2026-05-04T10:58:21.481212+00:00,,,,,
24737447.jpg,petrun,5,5,FALSE,TRUE,2026-05-04T10:58:32.683990+00:00,,,,,
24122391.jpg,petrun,5,5,FALSE,FALSE,2026-05-04T10:58:42.998510+00:00,,,,,
24496080.jpg,petrun,5,5,TRUE,TRUE,2026-05-04T10:59:28.862272+00:00,,,,,
24022269.jpg,petrun,5,5,FALSE,TRUE,2026-05-04T10:59:36.097506+00:00,,,,,
24780767.jpg,petrun,1,1,FALSE,TRUE,2026-05-04T10:59:50.556090+00:00,,,,,
24018328.jpg,petrun,4,4,FALSE,TRUE,2026-05-04T10:59:58.175572+00:00,,,,,
24708235.jpg,petrun,5,5,FALSE,TRUE,2026-05-04T11:00:06.114094+00:00,,,,,
24782987.jpg,petrun,5,5,FALSE,TRUE,2026-05-04T11:00:16.656855+00:00,,,,,
24338987.jpg,petrun,4,4,FALSE,TRUE,2026-05-04T11:00:26.443444+00:00,,,,,
24707363.jpg,petrun,5,5,FALSE,TRUE,2026-05-04T11:00:36.395531+00:00,,,,,
23900588.jpg,petrun,5,5,FALSE,TRUE,2026-05-04T11:00:47.170334+00:00,,,,,
24073433.jpg,petrun,4,4,FALSE,TRUE,2026-05-04T11:00:53.013015+00:00,,,,,
24898455.jpg,petrun,2,2,FALSE,TRUE,2026-05-04T11:00:58.570228+00:00,,,,,
24361479.jpg,petrun,5,5,FALSE,TRUE,2026-05-04T11:01:06.602632+00:00,,,,,
24362459.jpg,petrun,4,4,FALSE,TRUE,2026-05-04T11:05:15.230685+00:00,,,,,
24896112.jpg,petrun,3,4,FALSE,TRUE,2026-05-04T11:05:21.993553+00:00,,,,,
24311822.jpg,petrun,4,4,FALSE,TRUE,2026-05-04T11:05:29.591547+00:00,,,,,
24258974.jpg,petrun,5,5,FALSE,TRUE,2026-05-04T11:05:38.836415+00:00,,,,,
23256397.jpg,petrun,4,4,FALSE,FALSE,2026-05-04T11:05:45.589255+00:00,,,,,
24896982.jpg,petrun,4,4,FALSE,TRUE,2026-05-04T11:05:56.159066+00:00,,,,,
24561793.jpg,petrun,4,4,FALSE,TRUE,2026-05-04T11:06:05.727806+00:00,,,,,
24316232.jpg,petrun,11,11,FALSE,TRUE,2026-05-04T11:06:20.254740+00:00,,,,,
24496082.jpg,petrun,4,3,TRUE,TRUE,2026-05-04T11:06:42.308980+00:00,,,,,
23894709.jpg,petrun,4,4,FALSE,TRUE,2026-05-04T11:06:50.171840+00:00,,,,,
23854668.jpg,petrun,4,4,FALSE,TRUE,2026-05-04T11:07:03.889877+00:00,,,,,
24062253.jpg,petrun,5,4,FALSE,TRUE,2026-05-04T11:07:14.587000+00:00,,,,,
24704096.jpg,petrun,10,10,FALSE,FALSE,2026-05-04T11:07:47.329298+00:00,,,,,
24257400.jpg,petrun,5,5,FALSE,TRUE,2026-05-04T11:07:57.496897+00:00,,,,,
24073432.jpg,petrun,3,3,FALSE,TRUE,2026-05-04T11:08:04.045291+00:00,,,,,
23901137.jpg,petrun,10,10,FALSE,TRUE,2026-05-04T11:08:50.877979+00:00,,,,,
24163855.jpg,petrun,4,4,FALSE,FALSE,2026-05-04T11:08:57.119571+00:00,,,,,
24362246.jpg,petrun,4,4,FALSE,TRUE,2026-05-04T11:09:14.816046+00:00,,,,,
24710324.jpg,petrun,2,2,FALSE,TRUE,2026-05-04T11:09:19.946622+00:00,,,,,
24712917.jpg,petrun,3,3,FALSE,TRUE,2026-05-04T11:09:26.307385+00:00,,,,,
23625446.jpg,petrun,4,4,FALSE,TRUE,2026-05-04T11:09:35.904811+00:00,,,,,
24341720.jpg,petrun,4,4,FALSE,TRUE,2026-05-04T11:09:43.797231+00:00,,,,,
24633231.jpg,petrun,13,11,FALSE,TRUE,2026-05-04T11:10:16.214676+00:00,,,,,
24332981.jpg,petrun,4,5,TRUE,TRUE,2026-05-04T11:19:05.765094+00:00,,,,,
24897452.jpg,petrun,5,5,TRUE,TRUE,2026-05-04T11:19:46.001601+00:00,,,,,
24876016.jpg,petrun,5,5,FALSE,FALSE,2026-05-04T11:19:53.957568+00:00,,,,,
24694678.jpg,petrun,11,11,FALSE,FALSE,2026-05-04T11:20:57.228479+00:00,,,,,
23255862.jpg,petrun,5,5,TRUE,TRUE,2026-05-04T11:27:11.417968+00:00,,,,,
24040160.jpg,petrun,4,4,FALSE,TRUE,2026-05-04T11:27:20.820503+00:00,,,,,
24559426.jpg,petrun,5,5,FALSE,TRUE,2026-05-04T11:27:31.722242+00:00,,,,,
23849525.jpg,petrun,5,5,FALSE,TRUE,2026-05-04T11:27:41.045052+00:00,,,,,
23252717.jpg,petrun,5,5,FALSE,TRUE,2026-05-04T11:27:49.936417+00:00,,,,,
24715902.jpg,petrun,1,1,FALSE,TRUE,2026-05-04T11:27:55.670860+00:00,,,,,
24897461.jpg,petrun,4,5,TRUE,TRUE,2026-05-04T11:28:17.859020+00:00,,,,,
24314536.jpg,petrun,5,5,FALSE,TRUE,2026-05-04T11:29:09.727467+00:00,,,,,
23949219.jpg,petrun,11,10,FALSE,FALSE,2026-05-04T11:29:36.109280+00:00,,,,,
24802527.jpg,petrun,4,5,FALSE,TRUE,2026-05-04T11:29:53.058646+00:00,,,,,
24600020.jpg,petrun,3,4,TRUE,TRUE,2026-05-04T11:30:20.829005+00:00,,,,,
24428127.jpg,petrun,9,10,FALSE,TRUE,2026-05-04T11:30:43.348619+00:00,,,,,
24008180.jpg,petrun,5,5,FALSE,TRUE,2026-05-04T11:31:01.093111+00:00,,,,,
24382377.jpg,petrun,9,11,FALSE,TRUE,2026-05-04T11:31:39.406801+00:00,,,,,
24643763.jpg,petrun,4,5,TRUE,TRUE,2026-05-04T11:32:03.703748+00:00,,,,,
24552099.jpg,petrun,4,4,FALSE,TRUE,2026-05-04T11:32:16.488558+00:00,,,,,
24699752.jpg,petrun,10,10,FALSE,TRUE,2026-05-04T11:32:34.168946+00:00,,,,,
24319735.jpg,petrun,8,5,FALSE,TRUE,2026-05-04T11:32:48.605016+00:00,,,,,
24803974.jpg,petrun,4,5,TRUE,TRUE,2026-05-04T11:33:52.883979+00:00,,,,,
24897924.jpg,petrun,4,4,FALSE,TRUE,2026-05-04T11:34:04.324994+00:00,,,,,
24458728.jpg,petrun,10,10,FALSE,TRUE,2026-05-04T11:34:39.175398+00:00,,,,,
23616726.jpg,petrun,6,4,TRUE,TRUE,2026-05-04T11:35:14.736440+00:00,,,,,
24730068.jpg,petrun,10,10,FALSE,TRUE,2026-05-04T11:38:19.439506+00:00,,,,,
24829670.jpg,petrun,10,10,FALSE,TRUE,2026-05-04T11:40:06.368119+00:00,,,,,
24409097.jpg,petrun,3,4,FALSE,TRUE,2026-05-04T11:41:14.818701+00:00,,,,,
24730518.jpg,petrun,10,10,FALSE,FALSE,2026-05-04T11:41:36.719580+00:00,,,,,
24908093.jpg,petrun,11,10,TRUE,TRUE,2026-05-05T08:23:47.954651+00:00,,,,,
24863405.jpg,petrun,5,5,FALSE,TRUE,2026-05-05T08:23:57.458956+00:00,,,,,
24897465.jpg,petrun,4,5,FALSE,FALSE,2026-05-05T08:24:08.201236+00:00,,,,,
24562297.jpg,petrun,4,5,TRUE,TRUE,2026-05-05T08:24:23.841129+00:00,,,,,
24071999.jpg,petrun,5,5,TRUE,TRUE,2026-05-05T08:25:18.515783+00:00,,,,,
23255854.jpg,petrun,4,4,TRUE,TRUE,2026-05-05T08:25:29.660784+00:00,,,,,
24336883.jpg,petrun,5,5,FALSE,TRUE,2026-05-05T08:25:44.531728+00:00,,,,,
24323314.jpg,petrun,8,16,FALSE,TRUE,2026-05-05T08:27:08.963400+00:00,,,,,
24616304.jpg,petrun,5,5,FALSE,TRUE,2026-05-05T08:27:22.029428+00:00,,,,,
24703071.jpg,petrun,5,5,FALSE,TRUE,2026-05-05T08:27:31.164463+00:00,,,,,
24419216.jpg,petrun,5,5,FALSE,TRUE,2026-05-05T08:27:45.806930+00:00,,,,,
23849947.jpg,petrun,5,5,FALSE,TRUE,2026-05-05T08:28:00.371388+00:00,,,,,
23947370.jpg,petrun,5,5,FALSE,TRUE,2026-05-05T08:28:08.298895+00:00,,,,,
24730896.jpg,petrun,10,10,FALSE,TRUE,2026-05-05T08:28:27.762216+00:00,,,,,
24894669.jpg,petrun,2,2,FALSE,TRUE,2026-05-05T08:28:41.951897+00:00,,,,,
24048201.jpg,petrun,4,4,FALSE,TRUE,2026-05-05T08:28:50.952584+00:00,,,,,
24768862.jpg,petrun,4,4,FALSE,FALSE,2026-05-05T08:36:16.374523+00:00,,,,,
23851475.jpg,petrun,5,5,FALSE,TRUE,2026-05-05T08:36:28.556202+00:00,,,,,
24601082.jpg,petrun,12,11,TRUE,TRUE,2026-05-05T08:37:25.465011+00:00,,,,,
24698734.jpg,petrun,9,10,FALSE,TRUE,2026-05-05T08:37:37.186521+00:00,,,,,
24526307.jpg,petrun,3,4,FALSE,TRUE,2026-05-05T08:37:47.829043+00:00,,,,,
24715506.jpg,petrun,1,1,FALSE,TRUE,2026-05-05T08:37:55.805443+00:00,,,,,
24633354.jpg,petrun,5,5,FALSE,TRUE,2026-05-05T08:39:33.143426+00:00,,,,,
24910465.jpg,petrun,3,3,TRUE,FALSE,2026-05-05T08:40:38.558567+00:00,,,,,
24696179.jpg,petrun,9,10,FALSE,TRUE,2026-05-05T08:40:53.312611+00:00,,,,,
24046000.jpg,petrun,8,4,TRUE,TRUE,2026-05-05T08:41:22.287174+00:00,,,,,
24319743.jpg,petrun,5,5,TRUE,TRUE,2026-05-05T08:42:48.035756+00:00,,,,,
24800071.jpg,petrun,2,2,FALSE,TRUE,2026-05-05T08:42:55.219921+00:00,,,,,
24496958.jpg,petrun,6,5,FALSE,TRUE,2026-05-05T08:43:21.247839+00:00,,,,,
24316132.jpg,petrun,4,4,FALSE,TRUE,2026-05-05T08:43:34.380513+00:00,,,,,
24559001.jpg,petrun,5,5,FALSE,TRUE,2026-05-05T08:43:44.387922+00:00,,,,,
24756109.jpg,petrun,5,5,FALSE,TRUE,2026-05-05T08:43:52.784289+00:00,,,,,
24340616.jpg,petrun,4,4,FALSE,FALSE,2026-05-05T08:43:59.749875+00:00,,,,,
24708322.jpg,petrun,6,5,TRUE,TRUE,2026-05-05T08:45:13.682287+00:00,,,,,
24390945.jpg,petrun,4,4,FALSE,TRUE,2026-05-05T08:45:29.951182+00:00,,,,,
23256364.jpg,petrun,5,5,FALSE,FALSE,2026-05-05T08:45:56.178791+00:00,,,,,
24231412.jpg,petrun,10,10,FALSE,TRUE,2026-05-05T08:46:52.362590+00:00,,,,,
24708685.jpg,petrun,4,5,TRUE,TRUE,2026-05-05T08:47:57.543915+00:00,,,,,
24796246.jpg,petrun,5,5,FALSE,TRUE,2026-05-05T08:48:07.617699+00:00,,,,,
24400598.jpg,petrun,3,5,TRUE,TRUE,2026-05-05T08:48:20.008090+00:00,,,,,
23924963.jpg,petrun,5,5,FALSE,TRUE,2026-05-05T08:48:31.775414+00:00,,,,,
24733540.jpg,petrun,2,1,TRUE,TRUE,2026-05-05T08:48:43.837512+00:00,,,,,
24385428.jpg,petrun,5,5,FALSE,TRUE,2026-05-05T08:48:59.268214+00:00,,,,,
23854674.jpg,petrun,3,3,FALSE,TRUE,2026-05-05T08:49:09.017440+00:00,,,,,
24738586.jpg,petrun,4,4,FALSE,TRUE,2026-05-05T08:49:20.241179+00:00,,,,,
24015200.jpg,petrun,2,2,FALSE,TRUE,2026-05-05T08:49:27.735562+00:00,,,,,
23252719.jpg,petrun,5,5,FALSE,TRUE,2026-05-05T08:49:39.021115+00:00,,,,,
24717281.jpg,petrun,10,10,FALSE,TRUE,2026-05-05T08:49:53.664722+00:00,,,,,
24258981.jpg,petrun,4,4,FALSE,TRUE,2026-05-05T08:50:52.958661+00:00,,,,,
24147421.jpg,petrun,11,11,FALSE,TRUE,2026-05-05T08:51:53.677058+00:00,,,,,
23851469.jpg,petrun,5,5,FALSE,TRUE,2026-05-05T08:52:08.995497+00:00,,,,,
24072012.jpg,petrun,5,5,FALSE,TRUE,2026-05-05T08:52:19.733609+00:00,,,,,
24727486.jpg,petrun,11,10,FALSE,TRUE,2026-05-05T08:52:45.539558+00:00,,,,,
24817675.jpg,petrun,11,10,FALSE,TRUE,2026-05-05T08:54:42.690804+00:00,,,,,
23851236.jpg,petrun,5,5,FALSE,TRUE,2026-05-05T08:56:33.846616+00:00,,,,,
24371548.jpg,petrun,4,4,FALSE,TRUE,2026-05-05T08:57:03.366945+00:00,,,,,
24633358.jpg,petrun,4,4,TRUE,TRUE,2026-05-05T08:57:57.714199+00:00,,,,,
24616297.jpg,petrun,5,5,TRUE,TRUE,2026-05-05T08:58:29.716722+00:00,,,,,
24340622.jpg,petrun,4,4,TRUE,TRUE,2026-05-05T08:59:30.344560+00:00,,,,,
23928265.jpg,petrun,5,5,FALSE,TRUE,2026-05-05T08:59:42.708172+00:00,,,,,
24419210.jpg,petrun,5,5,FALSE,TRUE,2026-05-05T09:00:02.363861+00:00,,,,,
24325059.jpg,petrun,4,4,TRUE,TRUE,2026-05-05T09:25:00.952809+00:00,,,,,
23840714.jpg,petrun,5,5,TRUE,TRUE,2026-05-05T09:25:35.112580+00:00,,,,,
24832043.jpg,petrun,11,10,FALSE,TRUE,2026-05-05T09:25:56.531587+00:00,,,,,
24804312.jpg,petrun,4,4,TRUE,TRUE,2026-05-05T09:26:29.568790+00:00,,,,,
23894351.jpg,petrun,4,4,FALSE,TRUE,2026-05-05T09:26:54.279600+00:00,,,,,
24120462.jpg,petrun,5,5,FALSE,TRUE,2026-05-05T09:27:21.284339+00:00,,,,,
24802156.jpg,petrun,4,4,FALSE,FALSE,2026-05-05T09:27:29.582755+00:00,,,,,
24319558.jpg,petrun,10,10,FALSE,TRUE,2026-05-05T09:28:14.444352+00:00,,,,,
23253289.jpg,petrun,5,5,FALSE,TRUE,2026-05-05T09:28:26.190768+00:00,,,,,
24309319.jpg,petrun,10,11,FALSE,TRUE,2026-05-05T09:28:51.790527+00:00,,,,,
24015611.jpg,petrun,5,5,FALSE,TRUE,2026-05-05T09:29:06.174765+00:00,,,,,
24635073.jpg,petrun,4,4,FALSE,TRUE,2026-05-05T09:29:16.770278+00:00,,,,,
24257401.jpg,petrun,4,4,TRUE,TRUE,2026-05-05T09:29:59.522581+00:00,,,,,
24879556.jpg,petrun,3,3,TRUE,TRUE,2026-05-05T09:54:50.898695+00:00,,,,,
24737991.jpg,petrun,5,5,TRUE,TRUE,2026-05-05T09:55:13.287768+00:00,,,,,
23703209.jpg,petrun,4,4,FALSE,TRUE,2026-05-05T09:55:26.216969+00:00,,,,,
23854670.jpg,petrun,4,4,FALSE,TRUE,2026-05-05T09:55:35.867647+00:00,,,,,
23877436.jpg,petrun,4,4,FALSE,TRUE,2026-05-05T10:10:09.862049+00:00,,,,,
24338994.jpg,petrun,5,5,FALSE,TRUE,2026-05-05T10:10:18.407862+00:00,,,,,
24645051.jpg,petrun,4,4,FALSE,TRUE,2026-05-05T10:17:37.629824+00:00,,,,,
24316231.jpg,petrun,5,5,FALSE,TRUE,2026-05-05T10:17:50.387679+00:00,,,,,
23849948.jpg,petrun,3,3,FALSE,TRUE,2026-05-05T10:17:57.943228+00:00,,,,,
24633239.jpg,petrun,4,4,FALSE,TRUE,2026-05-05T10:18:21.257670+00:00,,,,,
24784978.jpg,petrun,5,5,FALSE,TRUE,2026-05-05T10:18:56.630379+00:00,,,,,
24822578.jpg,petrun,5,5,FALSE,TRUE,2026-05-05T10:19:08.788646+00:00,,,,,
24360564.jpg,petrun,5,5,TRUE,TRUE,2026-05-05T10:19:55.190674+00:00,,,,,
24259092.jpg,petrun,11,12,FALSE,TRUE,2026-05-05T10:20:12.186882+00:00,,,,,
24884377.jpg,petrun,2,2,FALSE,TRUE,2026-05-05T10:20:16.957891+00:00,,,,,
24306335.jpg,petrun,5,5,TRUE,FALSE,2026-05-05T10:25:31.194908+00:00,,,,,
23989850.jpg,petrun,12,12,FALSE,TRUE,2026-05-05T10:37:24.176953+00:00,,,,,
24867678.jpg,petrun,10,3,TRUE,TRUE,2026-05-05T10:38:08.003145+00:00,,,,,
24765606.jpg,petrun,7,1,TRUE,TRUE,2026-05-05T10:39:10.240938+00:00,,,,,
23313460.jpg,petrun,7,14,TRUE,TRUE,2026-05-05T10:39:48.650950+00:00,,,,,
24561231.jpg,petrun,6,1,TRUE,TRUE,2026-05-05T10:40:20.104496+00:00,,,,,
24601328.jpg,petrun,13,11,TRUE,TRUE,2026-05-05T10:41:05.732154+00:00,,,,,
24917428.jpg,petrun,5,1,TRUE,TRUE,2026-05-05T10:41:42.793461+00:00,,,,,
24062249.jpg,petrun,4,1,TRUE,TRUE,2026-05-05T10:43:17.994974+00:00,,,,,
23840721.jpg,petrun,5,5,FALSE,TRUE,2026-05-05T10:43:28.485245+00:00,,,,,
24409454.jpg,petrun,5,10,FALSE,TRUE,2026-05-05T10:43:44.235669+00:00,,,,,
24874500.jpg,petrun,6,5,FALSE,TRUE,2026-05-05T10:44:13.138566+00:00,,,,,
24550357.jpg,petrun,5,5,TRUE,TRUE,2026-05-05T10:44:49.785276+00:00,,,,,
24635995.jpg,petrun,11,11,FALSE,TRUE,2026-05-05T10:45:26.932030+00:00,,,,,
23257883.jpg,petrun,4,4,FALSE,TRUE,2026-05-05T10:45:35.543339+00:00,,,,,
24528863.jpg,petrun,4,4,FALSE,TRUE,2026-05-05T10:46:02.479500+00:00,,,,,
24809809.jpg,petrun,10,10,FALSE,TRUE,2026-05-05T10:46:28.257023+00:00,,,,,
24600145.jpg,petrun,4,4,FALSE,TRUE,2026-05-05T10:46:48.183719+00:00,,,,,
24496085.jpg,petrun,4,4,FALSE,FALSE,2026-05-05T10:47:00.883171+00:00,,,,,
23894710.jpg,petrun,5,5,FALSE,TRUE,2026-05-05T10:47:09.790978+00:00,,,,,
24905602.jpg,petrun,6,5,FALSE,TRUE,2026-05-05T10:47:18.339824+00:00,,,,,
24180234.jpg,petrun,11,11,FALSE,TRUE,2026-05-05T10:47:39.313329+00:00,,,,,
24910214.jpg,petrun,3,3,FALSE,TRUE,2026-05-05T10:47:44.644704+00:00,,,,,
23847982.jpg,petrun,5,5,FALSE,TRUE,2026-05-05T10:48:13.123107+00:00,,,,,
23929190.jpg,petrun,5,5,FALSE,TRUE,2026-05-05T10:48:23.790745+00:00,,,,,
24717277.jpg,petrun,10,10,FALSE,TRUE,2026-05-05T10:48:55.481124+00:00,,,,,
23991942.jpg,petrun,5,5,TRUE,TRUE,2026-05-05T10:49:22.983919+00:00,,,,,
24529226.jpg,petrun,4,4,TRUE,TRUE,2026-05-05T10:49:52.980274+00:00,,,,,
24637777.jpg,petrun,5,5,FALSE,TRUE,2026-05-05T10:50:02.393210+00:00,,,,,
24729142.jpg,petrun,11,10,FALSE,TRUE,2026-05-05T10:50:43.700858+00:00,,,,,
23988867.jpg,petrun,12,12,TRUE,TRUE,2026-05-05T10:51:41.337305+00:00,,,,,
24919993.jpg,petrun,3,3,FALSE,FALSE,2026-05-05T10:51:46.340392+00:00,,,,,
24316130.jpg,petrun,5,5,FALSE,TRUE,2026-05-05T10:51:54.132923+00:00,,,,,
24316126.jpg,petrun,4,4,FALSE,TRUE,2026-05-05T10:52:01.683323+00:00,,,,,
23854672.jpg,petrun,4,4,FALSE,TRUE,2026-05-05T10:52:09.736867+00:00,,,,,
24432309.jpg,petrun,5,5,TRUE,TRUE,2026-05-05T10:52:32.392728+00:00,,,,,
23877445.jpg,petrun,4,4,FALSE,TRUE,2026-05-05T10:52:42.561514+00:00,,,,,
24362252.jpg,petrun,5,5,FALSE,TRUE,2026-05-05T10:52:52.367887+00:00,,,,,
24017721.jpg,petrun,3,3,FALSE,TRUE,2026-05-05T10:52:58.552654+00:00,,,,,
24827484.jpg,petrun,4,4,FALSE,TRUE,2026-05-05T10:53:06.154003+00:00,,,,,
24382316.jpg,petrun,4,5,FALSE,TRUE,2026-05-05T10:53:16.345716+00:00,,,,,
24528076.jpg,petrun,6,5,FALSE,TRUE,2026-05-05T10:53:36.164966+00:00,,,,,
24748867.jpg,petrun,5,5,FALSE,TRUE,2026-05-05T10:53:50.009394+00:00,,,,,
24730673.jpg,petrun,5,5,FALSE,TRUE,2026-05-05T10:53:57.653670+00:00,,,,,
24340623.jpg,petrun,4,4,TRUE,TRUE,2026-05-05T10:54:19.562620+00:00,,,,,
24258497.jpg,petrun,9,10,FALSE,TRUE,2026-05-05T10:54:35.877424+00:00,,,,,
24133897.jpg,petrun,5,5,FALSE,TRUE,2026-05-05T10:54:42.462914+00:00,,,,,
24633236.jpg,petrun,11,12,FALSE,TRUE,2026-05-05T10:55:11.076335+00:00,,,,,
24559865.jpg,petrun,4,4,FALSE,TRUE,2026-05-05T10:55:46.543064+00:00,,,,,
23925516.jpg,petrun,5,5,TRUE,FALSE,2026-05-05T10:56:14.730386+00:00,,,,,
24545806.jpg,petrun,4,5,FALSE,TRUE,2026-05-05T10:56:23.436301+00:00,,,,,
24635963.jpg,petrun,3,3,TRUE,TRUE,2026-05-05T10:56:56.623647+00:00,,,,,
24565522.jpg,petrun,4,4,FALSE,TRUE,2026-05-05T10:57:12.543043+00:00,,,,,
24601207.jpg,petrun,12,11,TRUE,TRUE,2026-05-05T11:01:04.550128+00:00,,,,,
24319615.jpg,petrun,5,5,FALSE,TRUE,2026-05-05T11:01:15.074373+00:00,,,,,
24315646.jpg,petrun,4,4,FALSE,TRUE,2026-05-05T11:01:34.829472+00:00,,,,,
24637772.jpg,petrun,3,3,FALSE,TRUE,2026-05-05T11:05:11.781892+00:00,,,,,
24557167.jpg,petrun,6,4,FALSE,TRUE,2026-05-05T11:09:22.849249+00:00,,,,,
24362261.jpg,petrun,4,4,FALSE,TRUE,2026-05-05T11:10:14.304592+00:00,,,,,
24392679.jpg,petrun,5,5,FALSE,TRUE,2026-05-05T11:10:35.565091+00:00,,,,,
24841081.jpg,petrun,3,3,FALSE,TRUE,2026-05-05T11:10:55.659844+00:00,,,,,
24392383.jpg,petrun,5,5,FALSE,TRUE,2026-05-05T11:11:21.197229+00:00,,,,,
24316129.jpg,petrun,5,5,FALSE,TRUE,2026-05-05T11:11:47.283556+00:00,,,,,
24897456.jpg,petrun,5,5,TRUE,TRUE,2026-05-05T11:12:19.364830+00:00,,,,,
24012725.jpg,petrun,2,2,FALSE,TRUE,2026-05-05T11:12:24.524316+00:00,,,,,
24558387.jpg,petrun,5,5,FALSE,TRUE,2026-05-05T11:12:32.293705+00:00,,,,,
24869799.jpg,petrun,3,3,FALSE,TRUE,2026-05-05T11:12:37.956490+00:00,,,,,
24323419.jpg,petrun,6,12,TRUE,TRUE,2026-05-05T11:17:21.727970+00:00,,,,,
24636085.jpg,petrun,6,5,TRUE,TRUE,2026-05-05T11:18:10.776633+00:00,,,,,
24633000.jpg,petrun,10,10,FALSE,TRUE,2026-05-05T11:18:38.858127+00:00,,,,,
24719432.jpg,petrun,9,10,FALSE,TRUE,2026-05-05T11:19:16.203309+00:00,,,,,
24340615.jpg,petrun,5,5,FALSE,TRUE,2026-05-05T11:19:26.838246+00:00,,,,,
24716746.jpg,petrun,10,10,FALSE,TRUE,2026-05-05T11:19:47.749628+00:00,,,,,
23703201.jpg,petrun,5,4,FALSE,TRUE,2026-05-05T11:19:57.038919+00:00,,,,,
24741333.jpg,petrun,11,10,FALSE,FALSE,2026-05-05T11:21:04.893416+00:00,,,,,
24712901.jpg,petrun,5,5,FALSE,TRUE,2026-05-05T11:21:12.868650+00:00,,,,,
24428362.jpg,petrun,8,10,FALSE,TRUE,2026-05-05T11:21:24.980140+00:00,,,,,
24359944.jpg,petrun,4,5,FALSE,TRUE,2026-05-05T11:21:36.723385+00:00,,,,,
24715231.jpg,petrun,5,5,FALSE,TRUE,2026-05-05T11:21:44.489969+00:00,,,,,
24528386.jpg,petrun,4,4,FALSE,FALSE,2026-05-05T11:22:10.745005+00:00,,,,,
23847977.jpg,petrun,5,5,FALSE,TRUE,2026-05-05T11:22:24.724739+00:00,,,,,
24563361.jpg,petrun,10,10,TRUE,TRUE,2026-05-05T11:23:00.324379+00:00,,,,,
24180188.jpg,petrun,4,4,TRUE,TRUE,2026-05-05T11:23:41.364413+00:00,,,,,
24341727.jpg,petrun,4,4,FALSE,TRUE,2026-05-05T11:23:49.375806+00:00,,,,,
24817673.jpg,petrun,10,10,TRUE,TRUE,2026-05-05T11:24:10.888669+00:00,,,,,
24876602.jpg,petrun,4,4,FALSE,TRUE,2026-05-05T11:24:18.960768+00:00,,,,,
24865643.jpg,petrun,3,3,FALSE,TRUE,2026-05-05T11:24:25.089033+00:00,,,,,
24324276.jpg,petrun,4,5,FALSE,TRUE,2026-05-05T11:24:31.997848+00:00,,,,,
24616755.jpg,petrun,5,5,FALSE,TRUE,2026-05-05T11:24:42.512361+00:00,,,,,
23949043.jpg,petrun,10,10,FALSE,TRUE,2026-05-05T11:25:12.932143+00:00,,,,,
24144247.jpg,petrun,10,10,FALSE,TRUE,2026-05-05T11:25:35.447514+00:00,,,,,
24600015.jpg,petrun,5,5,TRUE,TRUE,2026-05-05T11:25:49.214624+00:00,,,,,
23851225.jpg,petrun,5,5,FALSE,TRUE,2026-05-05T11:26:11.163866+00:00,,,,,
24794386.jpg,petrun,3,3,FALSE,TRUE,2026-05-05T11:26:16.202511+00:00,,,,,
24073067.jpg,petrun,5,5,FALSE,TRUE,2026-05-05T11:26:28.203112+00:00,,,,,
23709660.jpg,petrun,5,5,TRUE,TRUE,2026-05-05T11:26:58.343250+00:00,,,,,
24879564.jpg,petrun,3,3,FALSE,TRUE,2026-05-05T11:27:07.014834+00:00,,,,,
24409460.jpg,petrun,10,10,FALSE,TRUE,2026-05-05T11:27:58.599772+00:00,,,,,
24709315.jpg,petrun,3,5,FALSE,TRUE,2026-05-05T11:28:05.089905+00:00,,,,,
24900102.jpg,petrun,2,2,FALSE,TRUE,2026-05-05T11:28:10.439644+00:00,,,,,
24386738.jpg,petrun,5,5,FALSE,TRUE,2026-05-05T11:28:25.069568+00:00,,,,,
23894706.jpg,petrun,3,4,FALSE,FALSE,2026-05-05T11:28:32.386311+00:00,,,,,
24742481.jpg,petrun,5,5,FALSE,FALSE,2026-05-05T11:28:38.958120+00:00,,,,,
24046175.jpg,petrun,5,5,FALSE,TRUE,2026-05-05T11:28:58.362625+00:00,,,,,
23625449.jpg,petrun,5,5,FALSE,TRUE,2026-05-05T11:29:05.492923+00:00,,,,,
24007110.jpg,petrun,3,3,FALSE,TRUE,2026-05-05T11:29:10.546765+00:00,,,,,
24833083.jpg,petrun,10,10,FALSE,TRUE,2026-05-05T12:11:41.964918+00:00,,,,,
24319792.jpg,petrun,11,11,TRUE,TRUE,2026-05-05T12:12:32.035841+00:00,,,,,
24613705.jpg,petrun,5,5,FALSE,FALSE,2026-05-05T12:12:45.871502+00:00,,,,,
24529224.jpg,petrun,5,5,FALSE,TRUE,2026-05-05T12:12:54.826812+00:00,,,,,
24730904.jpg,petrun,10,10,FALSE,TRUE,2026-05-05T12:13:16.636251+00:00,,,,,
24499194.jpg,petrun,5,5,FALSE,TRUE,2026-05-05T12:13:44.883182+00:00,,,,,
24561837.jpg,petrun,5,5,FALSE,TRUE,2026-05-05T12:13:52.818400+00:00,,,,,
24882607.jpg,petrun,5,5,TRUE,FALSE,2026-05-05T12:14:04.487529+00:00,,,,,
23843733.jpg,petrun,5,5,FALSE,TRUE,2026-05-05T12:14:12.365071+00:00,,,,,
24129538.jpg,petrun,3,3,FALSE,TRUE,2026-05-05T12:14:18.063517+00:00,,,,,
24888415.jpg,petrun,2,2,FALSE,TRUE,2026-05-05T12:14:22.800210+00:00,,,,,
24315647.jpg,petrun,5,5,FALSE,TRUE,2026-05-05T12:14:53.295237+00:00,,,,,
24872783.jpg,petrun,4,4,FALSE,TRUE,2026-05-05T12:15:01.545558+00:00,,,,,
24769295.jpg,petrun,13,13,TRUE,TRUE,2026-05-05T12:15:40.189397+00:00,,,,,
24559709.jpg,petrun,5,5,FALSE,TRUE,2026-05-05T12:15:50.523918+00:00,,,,,
24716760.jpg,petrun,5,1,TRUE,TRUE,2026-05-05T12:20:58.031879+00:00,,,,,
24768868.jpg,petrun,1,1,FALSE,TRUE,2026-05-05T12:21:04.220655+00:00,,,,,
24428585.jpg,petrun,5,5,FALSE,TRUE,2026-05-05T12:21:17.761795+00:00,,,,,
24613715.jpg,petrun,5,5,TRUE,TRUE,2026-05-05T12:21:37.479482+00:00,,,,,
24420834.jpg,petrun,10,10,FALSE,TRUE,2026-05-05T12:21:51.999413+00:00,,,,,
24362462.jpg,petrun,5,5,FALSE,TRUE,2026-05-05T12:21:58.898213+00:00,,,,,
23703210.jpg,petrun,4,4,FALSE,TRUE,2026-05-05T12:22:21.048230+00:00,,,,,
24562508.jpg,petrun,5,5,FALSE,TRUE,2026-05-05T12:22:30.511572+00:00,,,,,
24431222.jpg,petrun,5,5,TRUE,FALSE,2026-05-05T12:23:05.017098+00:00,,,,,
24645167.jpg,petrun,5,5,FALSE,TRUE,2026-05-05T12:23:16.381503+00:00,,,,,
24180306.jpg,petrun,10,10,TRUE,TRUE,2026-05-05T12:24:15.834497+00:00,,,,,
24496179.jpg,petrun,5,5,FALSE,TRUE,2026-05-05T12:24:25.962891+00:00,,,,,
24617092.jpg,petrun,11,10,FALSE,TRUE,2026-05-05T12:24:44.834709+00:00,,,,,
24806919.jpg,petrun,10,10,FALSE,TRUE,2026-05-05T12:25:15.052538+00:00,,,,,
24323313.jpg,petrun,9,10,TRUE,TRUE,2026-05-05T12:25:38.211265+00:00,,,,,
24432102.jpg,petrun,4,5,FALSE,TRUE,2026-05-05T12:25:48.507752+00:00,,,,,
23993142.jpg,petrun,9,10,FALSE,TRUE,2026-05-05T12:26:06.588611+00:00,,,,,
24319549.jpg,petrun,5,5,TRUE,TRUE,2026-05-05T12:26:57.325936+00:00,,,,,
23894835.jpg,petrun,4,4,FALSE,TRUE,2026-05-05T12:27:05.027001+00:00,,,,,
24808380.jpg,petrun,6,5,FALSE,TRUE,2026-05-05T12:27:17.765732+00:00,,,,,
24319679.jpg,petrun,11,5,TRUE,TRUE,2026-05-05T12:31:40.343762+00:00,,,,,
24130253.jpg,petrun,3,3,FALSE,FALSE,2026-05-05T12:32:00.233787+00:00,,,,,
24313013.jpg,petrun,4,4,FALSE,TRUE,2026-05-05T12:32:19.872624+00:00,,,,,
24696507.jpg,petrun,11,11,FALSE,TRUE,2026-05-05T12:32:43.881801+00:00,,,,,
24746542.jpg,petrun,6,5,TRUE,TRUE,2026-05-05T12:33:06.608741+00:00,,,,,
23844940.jpg,petrun,4,4,FALSE,FALSE,2026-05-05T12:33:24.120901+00:00,,,,,
23989840.jpg,petrun,12,3,TRUE,TRUE,2026-05-05T12:39:23.245521+00:00,,,,,
23989844.jpg,petrun,6,12,FALSE,TRUE,2026-05-05T12:40:09.096188+00:00,,,,,
24724872.jpg,petrun,11,10,TRUE,FALSE,2026-05-05T12:44:19.941820+00:00,,,,,
24877625.jpg,petrun,3,3,FALSE,TRUE,2026-05-05T12:44:25.109840+00:00,,,,,
24910461.jpg,petrun,4,4,FALSE,TRUE,2026-05-05T12:44:30.710282+00:00,,,,,
24063591.jpg,petrun,5,5,FALSE,TRUE,2026-05-05T12:44:42.486382+00:00,,,,,
24805422.jpg,petrun,10,11,FALSE,TRUE,2026-05-05T12:44:55.613812+00:00,,,,,
24879804.jpg,petrun,3,3,FALSE,TRUE,2026-05-05T12:45:00.486862+00:00,,,,,
24750348.jpg,petrun,5,5,FALSE,TRUE,2026-05-05T12:45:07.182817+00:00,,,,,
24259061.jpg,petrun,10,10,FALSE,TRUE,2026-05-05T12:45:42.361549+00:00,,,,,
24336899.jpg,petrun,4,5,FALSE,TRUE,2026-05-05T12:45:48.543223+00:00,,,,,
24015729.jpg,petrun,4,5,FALSE,FALSE,2026-05-05T12:45:59.101156+00:00,,,,,
24338998.jpg,petrun,5,5,FALSE,TRUE,2026-05-05T12:46:10.069393+00:00,,,,,
24746888.jpg,petrun,4,5,FALSE,FALSE,2026-05-05T12:46:21.967637+00:00,,,,,
24723615.jpg,petrun,10,10,FALSE,FALSE,2026-05-05T12:46:52.620455+00:00,,,,,
24419215.jpg,petrun,5,5,FALSE,TRUE,2026-05-05T12:46:59.123510+00:00,,,,,
24700188.jpg,petrun,5,5,FALSE,TRUE,2026-05-05T12:47:06.567465+00:00,,,,,
24737929.jpg,petrun,12,12,TRUE,TRUE,2026-05-05T13:00:27.550216+00:00,,,,,
24362457.jpg,petrun,5,5,FALSE,TRUE,2026-05-05T13:00:42.683806+00:00,,,,,
24000681.jpg,petrun,4,4,FALSE,TRUE,2026-05-05T13:00:51.229793+00:00,,,,,
24527105.jpg,petrun,3,3,FALSE,TRUE,2026-05-05T13:01:04.122268+00:00,,,,,
24695047.jpg,petrun,11,10,FALSE,TRUE,2026-05-05T13:01:43.410105+00:00,,,,,
24717273.jpg,petrun,10,10,FALSE,TRUE,2026-05-05T13:01:58.191734+00:00,,,,,
24644207.jpg,petrun,4,4,FALSE,TRUE,2026-05-05T13:02:06.689548+00:00,,,,,
23877435.jpg,petrun,5,5,FALSE,TRUE,2026-05-05T13:02:22.731012+00:00,,,,,
24633355.jpg,petrun,13,13,FALSE,TRUE,2026-05-05T13:02:40.117791+00:00,,,,,
24410066.jpg,petrun,9,11,TRUE,TRUE,2026-05-05T13:04:11.899765+00:00,,,,,
24071993.jpg,petrun,5,5,FALSE,FALSE,2026-05-05T13:04:26.952669+00:00,,,,,
24739080.jpg,petrun,4,4,FALSE,TRUE,2026-05-05T13:04:35.029169+00:00,,,,,
23843735.jpg,petrun,4,4,TRUE,TRUE,2026-05-05T13:05:04.694042+00:00,,,,,
24703537.jpg,petrun,5,5,FALSE,TRUE,2026-05-05T13:05:12.877602+00:00,,,,,
24730891.jpg,petrun,10,10,FALSE,TRUE,2026-05-05T13:05:35.151608+00:00,,,,,
24254131.jpg,petrun,5,5,FALSE,TRUE,2026-05-05T13:05:45.317179+00:00,,,,,
24567931.jpg,petrun,5,5,TRUE,TRUE,2026-05-05T13:06:45.857405+00:00,,,,,
24231415.jpg,petrun,4,4,FALSE,FALSE,2026-05-12T08:22:48.712526+00:00,,FALSE,IFEB-2024,5,20
24230442.jpg,petrun,13,13,TRUE,TRUE,2026-05-12T10:37:31.877977+00:00,,FALSE,NAPR-2024,2,2
24695462.jpg,petrun,10,10,FALSE,TRUE,2026-05-12T10:38:22.489495+00:00,,FALSE,TB1-2025,3,4
24633345.jpg,petrun,4,4,FALSE,TRUE,2026-05-12T10:38:37.284356+00:00,,FALSE,R1NOV-2024,11,4
24737082.jpg,petrun,3,3,FALSE,TRUE,2026-05-12T10:38:44.834611+00:00,,FALSE,TTH1-2025,20,1
24500127.jpg,petrun,3,3,FALSE,TRUE,2026-05-12T10:38:57.325597+00:00,,FALSE,TB2-2024,98,2
24014149.jpg,petrun,3,4,FALSE,TRUE,2026-05-12T10:39:13.918563+00:00,,FALSE,A3-2024,75,3
24878773.jpg,petrun,3,3,FALSE,TRUE,2026-05-12T10:39:20.343341+00:00,,FALSE,A4-2025,147,3
23843724.jpg,petrun,4,4,FALSE,TRUE,2026-05-12T10:39:30.610320+00:00,,FALSE,EF91-2023,23,8
24645171.jpg,petrun,4,4,FALSE,FALSE,2026-05-12T10:39:37.485519+00:00,,FALSE,ANOV-2024,20,17
24558656.jpg,petrun,5,5,FALSE,TRUE,2026-05-12T10:40:48.183836+00:00,,FALSE,TTH1-2024,132,7
24899358.jpg,petrun,2,2,FALSE,TRUE,2026-05-12T10:41:26.267876+00:00,,TRUE,A4-2025,196,7
24038009.jpg,petrun,5,5,FALSE,TRUE,2026-05-12T10:41:41.099825+00:00,,FALSE,B3-2024,122,10
24806534.jpg,petrun,10,10,FALSE,FALSE,2026-05-12T10:41:55.750093+00:00,,FALSE,TB1-2025,87,1
24889777.jpg,petrun,3,3,FALSE,TRUE,2026-05-12T10:42:01.882292+00:00,,FALSE,A4-2025,173,2
24897927.jpg,petrun,3,3,FALSE,TRUE,2026-05-12T10:42:10.783160+00:00,,FALSE,A4-2025,192,9
24377755.jpg,petrun,9,10,TRUE,FALSE,2026-05-12T10:43:27.538318+00:00,,FALSE,B11-2024,433,1
24886718.jpg,petrun,5,5,FALSE,FALSE,2026-05-12T10:43:35.529779+00:00,,FALSE,A4-2025,166,2
24599531.jpg,petrun,4,4,FALSE,TRUE,2026-05-12T10:43:48.493522+00:00,,FALSE,NNOV-2024,1,10
24751171.jpg,petrun,5,5,FALSE,TRUE,2026-05-12T10:43:57.517450+00:00,,FALSE,TTH1-2025,68,7
24143932.jpg,petrun,4,4,FALSE,TRUE,2026-05-12T10:44:17.811452+00:00,,FALSE,A3-2024,140,4
24730067.jpg,petrun,10,10,FALSE,TRUE,2026-05-12T10:44:30.312474+00:00,,FALSE,TB1-2025,82,3
24169002.jpg,petrun,3,3,FALSE,TRUE,2026-05-12T10:44:36.816953+00:00,,FALSE,TG1-2024,114,6
24313765.jpg,petrun,10,10,FALSE,TRUE,2026-05-12T10:45:31.764810+00:00,,FALSE,R1MAI-2024,21,20
24259085.jpg,petrun,4,4,FALSE,TRUE,2026-05-12T10:45:55.527714+00:00,,FALSE,R1APR-2024,30,9
24730071.jpg,petrun,5,5,FALSE,TRUE,2026-05-12T10:46:04.004626+00:00,,FALSE,TB1-2025,82,7
24870802.jpg,petrun,4,4,FALSE,TRUE,2026-05-12T10:46:16.383747+00:00,,FALSE,A4-2025,130,4
24495734.jpg,petrun,5,5,FALSE,TRUE,2026-05-12T10:46:51.208990+00:00,,FALSE,TB2-2024,58,2
24741470.jpg,petrun,3,3,FALSE,TRUE,2026-05-12T10:46:57.760586+00:00,,FALSE,TTH1-2025,36,5
24420274.jpg,petrun,4,5,FALSE,TRUE,2026-05-12T10:47:11.875499+00:00,,FALSE,IJUL-2024,3,15
24917908.jpg,petrun,2,3,FALSE,TRUE,2026-05-12T10:47:16.536638+00:00,,FALSE,Þ1-2025,34,5
24636001.jpg,petrun,5,5,FALSE,TRUE,2026-05-12T10:47:26.393967+00:00,,FALSE,ODES-2024,10,16
24007602.jpg,petrun,3,3,FALSE,TRUE,2026-05-12T10:47:32.408641+00:00,,FALSE,A3-2024,57,5
24039909.jpg,petrun,4,4,FALSE,FALSE,2026-05-12T10:47:53.561475+00:00,,FALSE,B3-2024,127,6
24696180.jpg,petrun,10,10,TRUE,TRUE,2026-05-12T10:48:44.376204+00:00,,FALSE,TB1-2025,5,7
24071997.jpg,petrun,5,5,FALSE,FALSE,2026-05-12T10:48:51.440023+00:00,,FALSE,TG1-2024,53,6
23971585.jpg,petrun,5,5,FALSE,TRUE,2026-05-12T10:49:03.320368+00:00,,FALSE,TB1-2024,44,3
24528075.jpg,petrun,7,5,TRUE,TRUE,2026-05-12T10:50:40.895516+00:00,Very hard to get a clear reading - very uncertain guess here.,FALSE,TTH1-2024,86,9
24038789.jpg,petrun,1,1,FALSE,TRUE,2026-05-12T10:50:46.610596+00:00,,FALSE,B3-2024,124,8
24742933.jpg,petrun,3,3,FALSE,TRUE,2026-05-12T10:50:52.359052+00:00,,FALSE,TTH1-2025,41,5
24730517.jpg,petrun,11,10,FALSE,TRUE,2026-05-12T10:51:06.086777+00:00,,FALSE,TB1-2025,83,9
24864972.jpg,petrun,3,2,TRUE,TRUE,2026-05-12T10:51:23.214530+00:00,Might be 2,FALSE,A4-2025,119,5
24696504.jpg,petrun,11,10,FALSE,FALSE,2026-05-12T10:52:04.566385+00:00,,FALSE,TB1-2025,6,4
24375792.jpg,petrun,4,4,TRUE,TRUE,2026-05-12T10:52:37.585090+00:00,,FALSE,B11-2024,428,5
24904803.jpg,petrun,4,4,FALSE,TRUE,2026-05-12T10:52:47.675009+00:00,,FALSE,Þ1-2025,3,4
24401376.jpg,petrun,4,5,FALSE,TRUE,2026-05-12T10:53:03.741485+00:00,,FALSE,B11-2024,487,2
24254142.jpg,petrun,6,5,FALSE,TRUE,2026-05-12T10:53:14.413990+00:00,,FALSE,IMAR-2024,1,19
23253191.jpg,petrun,5,5,FALSE,FALSE,2026-05-12T10:53:49.767618+00:00,,FALSE,B3-2023,75,2
24015609.jpg,petrun,4,4,FALSE,TRUE,2026-05-12T10:53:56.007741+00:00,,FALSE,A3-2024,79,1
24558335.jpg,petrun,5,5,FALSE,FALSE,2026-05-12T10:54:04.423684+00:00,,FALSE,TTH1-2024,131,1
24637909.jpg,petrun,3,3,FALSE,TRUE,2026-05-12T10:54:12.489897+00:00,,FALSE,ODES-2024,29,18
24616310.jpg,petrun,5,5,FALSE,FALSE,2026-05-12T10:54:26.623912+00:00,,FALSE,INOV-2024,1,15
24040799.jpg,petrun,2,2,FALSE,FALSE,2026-05-12T10:54:31.304118+00:00,,FALSE,A3-2024,94,4
24709718.jpg,petrun,5,5,FALSE,FALSE,2026-05-12T10:55:06.672663+00:00,,FALSE,TB1-2025,39,3
24749037.jpg,petrun,4,5,TRUE,TRUE,2026-05-12T10:55:23.862702+00:00,,FALSE,TTH1-2025,61,1
24633241.jpg,petrun,5,4,FALSE,TRUE,2026-05-12T10:55:39.987900+00:00,,FALSE,R1NOV-2024,10,20
24599530.jpg,petrun,5,5,FALSE,TRUE,2026-05-12T10:55:49.139232+00:00,,FALSE,NNOV-2024,1,9
24913083.jpg,petrun,2,2,FALSE,TRUE,2026-05-12T10:55:54.193383+00:00,,FALSE,Þ1-2025,20,7
24842798.jpg,petrun,4,4,FALSE,TRUE,2026-05-12T10:56:02.088669+00:00,,FALSE,TB1-2025,171,5
23877442.jpg,petrun,4,4,FALSE,TRUE,2026-05-12T10:56:11.635104+00:00,,FALSE,EF22-2023,65,15
24866273.jpg,petrun,2,2,TRUE,TRUE,2026-05-12T10:56:40.610397+00:00,,FALSE,A4-2025,121,5
24831826.jpg,petrun,10,10,FALSE,TRUE,2026-05-12T10:56:56.483161+00:00,,FALSE,TB1-2025,148,3
24529228.jpg,petrun,3,4,TRUE,FALSE,2026-05-12T10:57:52.031029+00:00,,FALSE,TTH1-2024,90,11
24072568.jpg,petrun,4,5,FALSE,TRUE,2026-05-12T10:58:01.809552+00:00,,FALSE,TG1-2024,55,5
24458719.jpg,petrun,9,10,FALSE,TRUE,2026-05-12T10:58:23.918834+00:00,,FALSE,R1SEP-2024,9,8
23849740.jpg,petrun,5,4,FALSE,TRUE,2026-05-12T10:58:32.637810+00:00,,FALSE,EF25-2023,111,10
24559416.jpg,petrun,4,4,TRUE,TRUE,2026-05-12T10:59:03.827825+00:00,,FALSE,TTH1-2024,134,5
24122119.jpg,petrun,5,5,FALSE,TRUE,2026-05-12T10:59:16.482423+00:00,,FALSE,B3-2024,138,5
23955978.jpg,petrun,5,5,FALSE,TRUE,2026-05-12T10:59:31.066732+00:00,,FALSE,TB1-2024,9,11
24549944.jpg,petrun,5,5,TRUE,TRUE,2026-05-12T11:00:38.773459+00:00,,FALSE,TB2-2024,115,9
23851231.jpg,petrun,5,5,FALSE,TRUE,2026-05-12T11:00:48.933526+00:00,,FALSE,EF25-2023,117,10
24528377.jpg,petrun,5,5,FALSE,TRUE,2026-05-12T11:01:04.254697+00:00,,FALSE,TTH1-2024,87,3
24013633.jpg,petrun,4,4,FALSE,TRUE,2026-05-12T11:01:11.188549+00:00,,FALSE,A3-2024,74,3
23253955.jpg,petrun,4,4,FALSE,TRUE,2026-05-12T11:01:20.058453+00:00,,FALSE,B3-2023,77,4
23709655.jpg,petrun,4,4,FALSE,TRUE,2026-05-12T11:01:29.141635+00:00,,FALSE,EF114-2023,10,14
24826766.jpg,petrun,2,2,FALSE,TRUE,2026-05-12T11:01:34.468585+00:00,,FALSE,TB1-2025,135,5
24062585.jpg,petrun,5,5,FALSE,TRUE,2026-05-12T11:01:42.703614+00:00,,FALSE,TG1-2024,21,16
24883115.jpg,petrun,4,4,FALSE,FALSE,2026-05-12T11:01:55.219654+00:00,,FALSE,A4-2025,157,1
24827485.jpg,petrun,5,5,FALSE,TRUE,2026-05-12T11:02:03.421139+00:00,,FALSE,TB1-2025,138,5
24904941.jpg,petrun,4,4,FALSE,TRUE,2026-05-12T11:02:11.155230+00:00,,FALSE,Þ1-2025,3,7
24910780.jpg,petrun,5,5,TRUE,FALSE,2026-05-12T11:03:02.041689+00:00,,FALSE,Þ1-2025,17,5
24723619.jpg,petrun,9,10,FALSE,TRUE,2026-05-12T11:03:32.251061+00:00,,FALSE,TB1-2025,70,4
24796972.jpg,petrun,3,3,FALSE,TRUE,2026-05-12T11:03:39.759586+00:00,,FALSE,A4-2025,97,1
24001173.jpg,petrun,4,4,FALSE,TRUE,2026-05-12T11:03:50.689019+00:00,,FALSE,A3-2024,43,2
24869801.jpg,petrun,5,5,FALSE,FALSE,2026-05-12T11:04:23.825328+00:00,,FALSE,A4-2025,128,3
24015618.jpg,petrun,5,5,FALSE,TRUE,2026-05-12T11:04:34.181800+00:00,,FALSE,A3-2024,79,8
24764678.jpg,petrun,2,2,FALSE,TRUE,2026-05-12T11:04:41.744048+00:00,,FALSE,A4-2025,22,5
24007253.jpg,petrun,4,4,FALSE,TRUE,2026-05-12T11:04:48.299727+00:00,,FALSE,A3-2024,57,3
24258979.jpg,petrun,4,4,FALSE,FALSE,2026-05-12T11:04:57.928055+00:00,,FALSE,R1APR-2024,29,6
24002374.jpg,petrun,1,1,FALSE,FALSE,2026-05-12T11:05:02.755054+00:00,,FALSE,A3-2024,47,1
24706913.jpg,petrun,1,1,FALSE,TRUE,2026-05-12T11:05:06.954508+00:00,,FALSE,TB1-2025,30,2
24062593.jpg,petrun,5,5,FALSE,FALSE,2026-05-12T11:05:15.235969+00:00,,FALSE,TG1-2024,21,24
24698084.jpg,petrun,10,10,TRUE,TRUE,2026-05-12T11:06:11.092674+00:00,,FALSE,TB1-2025,9,1
24738587.jpg,petrun,5,5,FALSE,TRUE,2026-05-12T11:06:16.402454+00:00,,FALSE,TTH1-2025,26,4
24616754.jpg,petrun,5,5,FALSE,TRUE,2026-05-12T11:06:28.055969+00:00,,FALSE,INOV-2024,5,7
24803557.jpg,petrun,4,4,FALSE,TRUE,2026-05-12T11:06:33.156163+00:00,,FALSE,A4-2025,112,3
24133893.jpg,petrun,5,5,FALSE,TRUE,2026-05-12T11:06:39.835960+00:00,,FALSE,B3-2024,163,14
24755839.jpg,petrun,5,5,FALSE,TRUE,2026-05-12T11:06:52.439562+00:00,,FALSE,TTH1-2025,83,2
23924962.jpg,petrun,5,5,FALSE,TRUE,2026-05-12T11:06:59.972040+00:00,,FALSE,EF91-2024,1,14
24526302.jpg,petrun,4,5,TRUE,TRUE,2026-05-12T11:08:07.916538+00:00,,FALSE,TTH1-2024,80,4
23847994.jpg,petrun,4,4,FALSE,TRUE,2026-05-12T11:08:15.686613+00:00,,FALSE,EF91-2023,36,20
24432361.jpg,petrun,5,5,FALSE,FALSE,2026-05-12T11:08:28.977853+00:00,,FALSE,AJUN-2024,13,17
23953015.jpg,petrun,11,11,FALSE,TRUE,2026-05-12T11:09:16.693460+00:00,,FALSE,TB1-2024,4,1
24560474.jpg,petrun,4,5,TRUE,TRUE,2026-05-12T11:09:55.840071+00:00,,FALSE,TTH1-2024,139,6
24634952.jpg,petrun,10,10,FALSE,TRUE,2026-05-12T11:10:29.003220+00:00,,FALSE,ODES-2024,1,9
24552964.jpg,petrun,2,2,FALSE,TRUE,2026-05-12T11:10:42.554318+00:00,,FALSE,TB2-2024,143,14
24127295.jpg,petrun,5,5,FALSE,TRUE,2026-05-12T11:10:48.513613+00:00,,FALSE,B3-2024,149,3
24014148.jpg,petrun,4,4,FALSE,FALSE,2026-05-12T11:10:56.330496+00:00,,FALSE,A3-2024,75,2
23928960.jpg,petrun,5,5,FALSE,TRUE,2026-05-12T11:11:03.206006+00:00,,FALSE,EF25-2024,5,4
23256371.jpg,petrun,5,5,FALSE,TRUE,2026-05-12T11:11:09.127494+00:00,,FALSE,B3-2023,82,6
23924964.jpg,petrun,5,5,FALSE,TRUE,2026-05-12T11:11:15.059806+00:00,,FALSE,EF91-2024,1,16
24882154.jpg,petrun,6,5,FALSE,TRUE,2026-05-12T11:12:32.835584+00:00,,FALSE,A4-2025,155,5
24600956.jpg,petrun,14,11,TRUE,TRUE,2026-05-12T11:14:14.108274+00:00,,FALSE,NNOV-2024,14,7
24888412.jpg,petrun,5,5,FALSE,FALSE,2026-05-12T11:14:23.840030+00:00,,FALSE,A4-2025,170,1
24635071.jpg,petrun,2,3,FALSE,TRUE,2026-05-12T11:14:33.005741+00:00,,FALSE,ODES-2024,2,9
23844933.jpg,petrun,4,4,TRUE,TRUE,2026-05-12T11:15:18.975815+00:00,,FALSE,EF91-2023,29,5
24776290.jpg,petrun,5,5,FALSE,TRUE,2026-05-12T11:46:20.706978+00:00,,FALSE,A4-2025,52,4
24713877.jpg,petrun,1,1,FALSE,TRUE,2026-05-12T11:46:29.811044+00:00,,FALSE,TB1-2025,52,4
24359969.jpg,petrun,4,4,FALSE,FALSE,2026-05-12T11:46:40.697155+00:00,,FALSE,R1JUN-2024,1,11
24578776.jpg,petrun,5,5,FALSE,TRUE,2026-05-12T11:47:20.293666+00:00,,FALSE,A12-2024,472,2
24557162.jpg,petrun,7,5,FALSE,TRUE,2026-05-12T11:47:35.916742+00:00,,FALSE,TTH1-2024,127,2
23956444.jpg,petrun,5,5,FALSE,TRUE,2026-05-12T11:47:59.365701+00:00,,FALSE,TB1-2024,10,16
24900667.jpg,petrun,3,2,TRUE,TRUE,2026-05-12T11:48:12.977462+00:00,,FALSE,A4-2025,200,4
24715899.jpg,petrun,10,10,FALSE,FALSE,2026-05-12T11:48:38.602813+00:00,,FALSE,TB1-2025,56,4
23948336.jpg,petrun,5,5,FALSE,TRUE,2026-05-12T11:53:06.851843+00:00,"Likely wrong otolith on the slide, age in db is more likely to be correct while this slide is likely not the correct one for this fish. I have to find the original and check.",TRUE,R1FEB-2024,22,9
24636093.jpg,petrun,5,5,FALSE,TRUE,2026-05-12T11:53:24.140832+00:00,,FALSE,ODES-2024,11,11
24918578.jpg,petrun,3,2,FALSE,TRUE,2026-05-12T11:53:36.208166+00:00,,FALSE,Þ1-2025,36,3
24749040.jpg,petrun,4,4,FALSE,FALSE,2026-05-12T11:53:42.963219+00:00,,FALSE,TTH1-2025,61,4
23256404.jpg,petrun,5,4,TRUE,TRUE,2026-05-12T13:23:52.213204+00:00,,FALSE,B3-2023,82,22
24256063.jpg,petrun,5,5,FALSE,TRUE,2026-05-12T13:25:57.681285+00:00,,FALSE,R1APR-2024,3,8
24044051.jpg,petrun,2,2,FALSE,TRUE,2026-05-12T13:26:02.913173+00:00,,FALSE,A3-2024,103,5
24336885.jpg,petrun,5,5,FALSE,TRUE,2026-05-12T13:26:18.335810+00:00,,FALSE,EF25-2024,59,10
24614849.jpg,petrun,4,5,FALSE,TRUE,2026-05-12T13:26:26.305825+00:00,,FALSE,ASEP-2024,20,9
24371550.jpg,petrun,3,3,TRUE,TRUE,2026-05-12T13:26:46.598163+00:00,,FALSE,B11-2024,418,5
24319742.jpg,petrun,6,5,FALSE,TRUE,2026-05-12T13:26:58.043688+00:00,,FALSE,R1MAI-2024,76,19
24891833.jpg,petrun,1,1,FALSE,TRUE,2026-05-12T13:27:26.301485+00:00,,FALSE,A4-2025,178,2
23990318.jpg,petrun,9,15,FALSE,TRUE,2026-05-12T13:27:50.161558+00:00,,FALSE,TB1-2024,85,14
24374590.jpg,petrun,2,3,FALSE,TRUE,2026-05-12T13:27:58.774241+00:00,,FALSE,B11-2024,426,3
24394539.jpg,petrun,5,5,FALSE,TRUE,2026-05-12T13:28:29.160876+00:00,,FALSE,B11-2024,471,5
24879346.jpg,petrun,5,5,FALSE,TRUE,2026-05-12T13:28:38.955227+00:00,,FALSE,A4-2025,149,14
24545792.jpg,petrun,4,5,FALSE,TRUE,2026-05-12T13:28:49.810902+00:00,,FALSE,OSEP-2024,6,2
24803559.jpg,petrun,4,4,TRUE,FALSE,2026-05-12T13:29:19.431801+00:00,,FALSE,A4-2025,112,5
23905600.jpg,petrun,5,5,FALSE,TRUE,2026-05-12T13:29:29.467696+00:00,,FALSE,EF66-2024,17,7
24871748.jpg,petrun,4,4,FALSE,TRUE,2026-05-12T13:29:38.494982+00:00,,FALSE,A4-2025,132,6
23254824.jpg,petrun,4,3,FALSE,TRUE,2026-05-12T13:29:51.395522+00:00,,FALSE,B3-2023,79,5
24560686.jpg,petrun,5,5,TRUE,FALSE,2026-05-12T13:30:21.831305+00:00,,FALSE,TTH1-2024,140,1
24314531.jpg,petrun,5,4,FALSE,TRUE,2026-05-12T13:30:36.852965+00:00,,FALSE,R1MAI-2024,28,8
24085486.jpg,petrun,5,5,FALSE,TRUE,2026-05-12T13:30:44.990587+00:00,,FALSE,TG1-2024,92,1
24379584.jpg,petrun,5,5,FALSE,FALSE,2026-05-12T13:30:55.228706+00:00,,FALSE,B11-2024,437,4
24001843.jpg,petrun,4,5,TRUE,TRUE,2026-05-12T13:31:19.774036+00:00,,FALSE,A3-2024,46,1
24891376.jpg,petrun,1,1,FALSE,TRUE,2026-05-12T13:31:37.894666+00:00,,FALSE,A4-2025,177,4
24774273.jpg,petrun,5,5,TRUE,TRUE,2026-05-12T13:32:13.316383+00:00,,FALSE,A4-2025,46,3
24039904.jpg,petrun,5,5,FALSE,FALSE,2026-05-12T13:32:20.302749+00:00,,FALSE,B3-2024,127,1
24767255.jpg,petrun,4,4,TRUE,TRUE,2026-05-12T13:32:48.090905+00:00,,FALSE,A4-2025,28,1
24038788.jpg,petrun,5,5,FALSE,TRUE,2026-05-12T13:33:01.413789+00:00,,FALSE,B3-2024,124,7
24898964.jpg,petrun,4,3,FALSE,TRUE,2026-05-12T13:33:20.945061+00:00,,FALSE,A4-2025,195,4
23255354.jpg,petrun,3,4,FALSE,FALSE,2026-05-12T13:33:26.353022+00:00,,FALSE,B3-2023,80,25
24772712.jpg,petrun,10,10,FALSE,FALSE,2026-05-12T13:33:55.201881+00:00,,FALSE,A4-2025,41,4
24420228.jpg,petrun,5,5,FALSE,TRUE,2026-05-12T13:34:06.021005+00:00,,FALSE,IJUL-2024,3,11
24073429.jpg,petrun,4,4,FALSE,TRUE,2026-05-12T13:34:11.365458+00:00,,FALSE,TG1-2024,57,3
24825084.jpg,petrun,4,4,FALSE,TRUE,2026-05-12T13:35:06.518139+00:00,,FALSE,TB1-2025,130,3
24803157.jpg,petrun,1,1,FALSE,TRUE,2026-05-12T13:35:11.536043+00:00,,FALSE,A4-2025,111,7
24409090.jpg,petrun,4,4,FALSE,TRUE,2026-05-12T13:35:25.390486+00:00,,FALSE,R1JUL-2024,14,6
24001172.jpg,petrun,4,5,FALSE,TRUE,2026-05-12T13:35:36.537284+00:00,,FALSE,A3-2024,43,1
23849946.jpg,petrun,5,5,FALSE,TRUE,2026-05-12T13:35:45.955914+00:00,,FALSE,EF25-2023,112,3
24420408.jpg,petrun,4,5,FALSE,TRUE,2026-05-12T13:35:54.722559+00:00,,FALSE,IAGU-2024,1,14
24634552.jpg,petrun,5,5,TRUE,TRUE,2026-05-12T13:36:57.467210+00:00,,FALSE,R1NOV-2024,22,7
24545809.jpg,petrun,4,5,FALSE,TRUE,2026-05-12T13:37:07.304652+00:00,,FALSE,OSEP-2024,6,11
24699747.jpg,petrun,1,1,FALSE,TRUE,2026-05-12T13:37:13.855184+00:00,,FALSE,TB1-2025,12,1
24885887.jpg,petrun,2,2,FALSE,TRUE,2026-05-12T13:37:19.294671+00:00,,FALSE,A4-2025,164,8
24385908.jpg,petrun,5,5,FALSE,TRUE,2026-05-12T13:37:27.877346+00:00,,FALSE,B11-2024,451,3
23989851.jpg,petrun,9,10,FALSE,TRUE,2026-05-12T13:37:51.108251+00:00,,FALSE,TB1-2024,84,12
24526668.jpg,petrun,4,4,FALSE,TRUE,2026-05-12T13:37:59.384227+00:00,,FALSE,TTH1-2024,81,6
24874026.jpg,petrun,5,5,TRUE,TRUE,2026-05-12T13:39:19.987586+00:00,,FALSE,A4-2025,137,2
23311679.jpg,petrun,12,12,TRUE,TRUE,2026-05-12T13:39:48.532858+00:00,,FALSE,A4-2023,42,4
24120451.jpg,petrun,4,4,FALSE,TRUE,2026-05-12T13:39:55.838229+00:00,,FALSE,B3-2024,133,14
24383950.jpg,petrun,5,5,FALSE,TRUE,2026-05-12T13:40:05.586558+00:00,,FALSE,B11-2024,447,5
24525828.jpg,petrun,3,3,TRUE,TRUE,2026-05-12T13:40:20.379561+00:00,,FALSE,TTH1-2024,78,3
24865650.jpg,petrun,2,2,FALSE,TRUE,2026-05-12T13:40:27.210666+00:00,,FALSE,A4-2025,120,5
24559992.jpg,petrun,5,5,FALSE,TRUE,2026-05-12T13:40:39.998269+00:00,,FALSE,TTH1-2024,137,4
24432311.jpg,petrun,5,5,FALSE,TRUE,2026-05-12T13:40:51.171636+00:00,,FALSE,AJUN-2024,13,6
23709647.jpg,petrun,3,3,FALSE,TRUE,2026-05-12T13:41:18.194422+00:00,,FALSE,EF114-2023,10,6
23905063.jpg,petrun,5,5,FALSE,FALSE,2026-05-12T13:41:29.216490+00:00,,FALSE,EF66-2024,15,16
24714625.jpg,petrun,9,10,FALSE,TRUE,2026-05-12T13:41:58.210111+00:00,,FALSE,TB1-2025,53,8
24559003.jpg,petrun,5,5,FALSE,FALSE,2026-05-12T13:42:06.503142+00:00,,FALSE,TTH1-2024,133,3
24039581.jpg,petrun,4,4,FALSE,FALSE,2026-05-12T13:42:12.881167+00:00,,FALSE,B3-2024,126,4
24383272.jpg,petrun,5,5,FALSE,FALSE,2026-05-12T13:43:10.430988+00:00,,FALSE,B11-2024,446,4
24315530.jpg,petrun,10,10,TRUE,TRUE,2026-05-12T13:44:21.961600+00:00,,FALSE,R1MAI-2024,38,11
24015199.jpg,petrun,3,3,FALSE,FALSE,2026-05-12T13:44:28.518288+00:00,,FALSE,A3-2024,77,2
23616718.jpg,petrun,4,4,TRUE,TRUE,2026-05-12T13:44:39.820508+00:00,,FALSE,EF22-2023,31,3
24039095.jpg,petrun,3,3,FALSE,TRUE,2026-05-12T13:44:47.201736+00:00,,FALSE,B3-2024,125,5
24320411.jpg,petrun,9,10,FALSE,TRUE,2026-05-12T13:45:05.455604+00:00,,FALSE,R1MAI-2024,83,9
24323316.jpg,petrun,9,11,TRUE,TRUE,2026-05-12T13:45:38.228538+00:00,,FALSE,OMAI-2024,17,16
24377760.jpg,petrun,3,4,FALSE,TRUE,2026-05-12T13:45:47.655748+00:00,,FALSE,B11-2024,433,5
24043353.jpg,petrun,4,4,TRUE,FALSE,2026-05-12T13:46:01.621694+00:00,,FALSE,A3-2024,100,1
24878520.jpg,petrun,6,5,TRUE,FALSE,2026-05-12T13:46:24.616874+00:00,,FALSE,A4-2025,146,4
23703199.jpg,petrun,5,5,FALSE,TRUE,2026-05-12T13:46:45.944305+00:00,,FALSE,EF25-2023,103,6
23946323.jpg,petrun,5,5,FALSE,TRUE,2026-05-12T13:47:13.632064+00:00,,FALSE,R1FEB-2024,5,14
24071915.jpg,petrun,3,3,FALSE,TRUE,2026-05-12T13:48:22.638055+00:00,,FALSE,TG1-2024,53,1
24323311.jpg,petrun,8,11,FALSE,TRUE,2026-05-12T14:01:47.925367+00:00,,FALSE,OMAI-2024,17,11
23255337.jpg,petrun,5,5,FALSE,TRUE,2026-05-12T14:02:03.576779+00:00,,FALSE,B3-2023,80,14
24362460.jpg,petrun,5,5,FALSE,TRUE,2026-05-12T14:02:27.161553+00:00,,FALSE,OJUN-2024,2,17
24359961.jpg,petrun,5,5,FALSE,FALSE,2026-05-12T14:02:36.057696+00:00,,FALSE,R1JUN-2024,1,3
24431007.jpg,petrun,4,5,TRUE,TRUE,2026-05-12T14:04:16.050715+00:00,,FALSE,AJUN-2024,1,15
24911669.jpg,petrun,11,10,TRUE,FALSE,2026-05-12T14:05:06.242121+00:00,,FALSE,Þ1-2025,18,1
24320404.jpg,petrun,5,5,FALSE,TRUE,2026-05-12T14:05:14.783056+00:00,,FALSE,R1MAI-2024,83,2
24046689.jpg,petrun,4,4,FALSE,TRUE,2026-05-12T14:05:21.296404+00:00,,FALSE,A3-2024,112,1
24633110.jpg,petrun,5,5,FALSE,TRUE,2026-05-12T14:05:57.301760+00:00,,FALSE,R1NOV-2024,9,9
24879562.jpg,petrun,4,4,FALSE,TRUE,2026-05-12T14:06:05.312694+00:00,,FALSE,A4-2025,150,10
24643511.jpg,petrun,5,5,FALSE,TRUE,2026-05-12T14:15:42.714914+00:00,,FALSE,ANOV-2024,6,9
24833439.jpg,petrun,5,5,FALSE,TRUE,2026-05-12T14:15:53.278488+00:00,,FALSE,TB1-2025,153,5
24163853.jpg,petrun,4,4,FALSE,TRUE,2026-05-12T14:16:01.150687+00:00,,FALSE,TG1-2024,94,4
24323420.jpg,petrun,9,14,TRUE,TRUE,2026-05-12T14:16:38.271981+00:00,,FALSE,OMAI-2024,17,20
24254135.jpg,petrun,6,5,TRUE,TRUE,2026-05-12T14:16:52.064682+00:00,,FALSE,IMAR-2024,1,12
24419883.jpg,petrun,5,5,FALSE,TRUE,2026-05-12T14:17:03.550725+00:00,,FALSE,IJUN-2024,19,17
24814904.jpg,petrun,5,5,FALSE,TRUE,2026-05-12T14:17:11.073258+00:00,,FALSE,TB1-2025,104,1
24778793.jpg,petrun,5,5,FALSE,TRUE,2026-05-12T14:17:50.101252+00:00,,FALSE,A4-2025,59,5
24499740.jpg,petrun,5,5,FALSE,TRUE,2026-05-12T14:18:19.663240+00:00,,FALSE,TB2-2024,96,1
24902459.jpg,petrun,3,3,FALSE,TRUE,2026-05-12T14:18:25.688289+00:00,,FALSE,A4-2025,205,5
24428254.jpg,petrun,5,5,FALSE,TRUE,2026-05-12T14:18:35.369600+00:00,,FALSE,AMAI-2024,5,13
24428138.jpg,petrun,9,10,TRUE,TRUE,2026-05-12T14:20:05.359126+00:00,Very difficult to see age on the image,FALSE,AMAI-2024,4,17
24528069.jpg,petrun,5,5,FALSE,TRUE,2026-05-12T14:20:28.254206+00:00,,FALSE,TTH1-2024,86,3
23949445.jpg,petrun,10,10,FALSE,TRUE,2026-05-12T14:21:28.306304+00:00,,FALSE,OFEB-2024,6,6
24897930.jpg,petrun,4,5,TRUE,TRUE,2026-05-12T14:21:54.070351+00:00,,FALSE,A4-2025,192,11
24781432.jpg,petrun,3,3,FALSE,TRUE,2026-05-12T14:22:01.827372+00:00,,FALSE,A4-2025,65,2
24170212.jpg,petrun,10,10,FALSE,TRUE,2026-05-12T14:22:22.739112+00:00,,FALSE,TG1-2024,122,3
23894829.jpg,petrun,5,5,FALSE,TRUE,2026-05-12T14:22:31.338336+00:00,,FALSE,ADES-2023,13,6
24038004.jpg,petrun,4,4,FALSE,TRUE,2026-05-12T14:22:37.768997+00:00,,FALSE,B3-2024,122,6
24180235.jpg,petrun,0,10,FALSE,TRUE,2026-05-12T14:24:59.086311+00:00,Image too dirty to see anything,TRUE,NMAR-2024,1,11
24778346.jpg,petrun,4,5,FALSE,TRUE,2026-05-12T14:25:21.282646+00:00,,FALSE,A4-2025,58,4
24320301.jpg,petrun,5,5,FALSE,TRUE,2026-05-12T14:25:31.644057+00:00,,FALSE,R1MAI-2024,82,19
24719439.jpg,petrun,1,1,FALSE,TRUE,2026-05-12T14:25:36.559801+00:00,,FALSE,TB1-2025,63,13
24600017.jpg,petrun,4,4,FALSE,TRUE,2026-05-12T14:26:09.037461+00:00,,FALSE,NNOV-2024,5,12
23894258.jpg,petrun,5,5,FALSE,TRUE,2026-05-12T14:26:17.231270+00:00,,FALSE,ADES-2023,8,13
24427990.jpg,petrun,9,10,TRUE,TRUE,2026-05-12T14:27:43.040747+00:00,,FALSE,AMAI-2024,2,1
24359966.jpg,petrun,5,5,FALSE,TRUE,2026-05-12T14:27:54.823684+00:00,,FALSE,R1JUN-2024,1,8
23258579.jpg,petrun,5,5,FALSE,TRUE,2026-05-12T14:28:03.207998+00:00,,FALSE,B3-2023,88,3
24496181.jpg,petrun,6,5,TRUE,TRUE,2026-05-12T14:29:48.120418+00:00,,FALSE,TB2-2024,61,8
24731697.jpg,petrun,5,5,FALSE,TRUE,2026-05-12T14:30:13.605619+00:00,,FALSE,TTH1-2025,2,1
23844943.jpg,petrun,4,4,FALSE,TRUE,2026-05-12T14:30:23.176298+00:00,,FALSE,EF91-2023,29,15
24866914.jpg,petrun,5,5,FALSE,TRUE,2026-05-12T14:30:53.792416+00:00,,FALSE,A4-2025,122,2
24773183.jpg,petrun,5,5,TRUE,TRUE,2026-05-12T14:31:18.280705+00:00,,FALSE,A4-2025,43,5
24730514.jpg,petrun,10,12,TRUE,TRUE,2026-05-12T14:32:36.191700+00:00,Difficult to see from image.,FALSE,TB1-2025,83,6
24376647.jpg,petrun,9,10,TRUE,TRUE,2026-05-12T14:33:10.075184+00:00,,FALSE,B11-2024,430,1
24432358.jpg,petrun,5,5,FALSE,TRUE,2026-05-12T14:33:29.489519+00:00,,FALSE,AJUN-2024,13,14
24341712.jpg,petrun,4,4,TRUE,TRUE,2026-05-12T14:36:08.340179+00:00,This length of fish makes no sense according to the size of this otolith. Length of fish in database is very likely wrong. It is impossible for a 10 cm fish to be 4 years old.,TRUE,EF25-2024,75,9
24499615.jpg,petrun,7,4,FALSE,TRUE,2026-05-12T14:36:29.550349+00:00,,FALSE,TB2-2024,95,7
24133885.jpg,petrun,2,2,FALSE,FALSE,2026-05-12T14:36:34.264338+00:00,,FALSE,B3-2024,163,6
24130297.jpg,petrun,5,5,FALSE,FALSE,2026-05-12T14:36:42.665978+00:00,,FALSE,B3-2024,156,21
24062252.jpg,petrun,4,5,FALSE,TRUE,2026-05-12T14:36:49.237898+00:00,,FALSE,TG1-2024,19,9
24870801.jpg,petrun,4,4,FALSE,TRUE,2026-05-12T14:36:58.746717+00:00,,FALSE,A4-2025,130,3
23927938.jpg,petrun,5,5,FALSE,TRUE,2026-05-12T14:37:09.218723+00:00,,FALSE,EF25-2024,1,15
23990313.jpg,petrun,8,14,FALSE,TRUE,2026-05-12T14:37:24.249585+00:00,,FALSE,TB1-2024,85,9
24043570.jpg,petrun,5,5,FALSE,TRUE,2026-05-12T14:37:30.856848+00:00,,FALSE,A3-2024,102,4
23311776.jpg,petrun,3,3,FALSE,TRUE,2026-05-12T14:37:35.679405+00:00,,FALSE,A4-2023,43,2
24566868.jpg,petrun,9,11,FALSE,TRUE,2026-05-12T14:38:00.445101+00:00,,FALSE,TTH1-2024,163,10
24341719.jpg,petrun,3,3,FALSE,TRUE,2026-05-12T14:38:07.924041+00:00,,FALSE,EF25-2024,75,16
24122126.jpg,petrun,3,3,FALSE,TRUE,2026-05-12T14:38:12.948234+00:00,,FALSE,B3-2024,138,11
24254136.jpg,petrun,5,5,FALSE,TRUE,2026-05-12T14:38:29.239366+00:00,,FALSE,IMAR-2024,1,13
24643740.jpg,petrun,5,5,FALSE,TRUE,2026-05-12T14:38:38.665254+00:00,,FALSE,ANOV-2024,8,5
24560473.jpg,petrun,5,5,FALSE,TRUE,2026-05-12T14:38:45.950391+00:00,,FALSE,TTH1-2024,139,5
23947507.jpg,petrun,5,5,FALSE,FALSE,2026-05-12T14:38:55.489504+00:00,,FALSE,R1FEB-2024,15,20
23840706.jpg,petrun,5,5,FALSE,TRUE,2026-05-12T14:39:06.268521+00:00,,FALSE,EF64-2023,18,3
24644214.jpg,petrun,5,5,FALSE,TRUE,2026-05-12T14:39:19.482116+00:00,,FALSE,ANOV-2024,12,12
24362447.jpg,petrun,5,5,FALSE,TRUE,2026-05-12T14:39:26.540393+00:00,,FALSE,OJUN-2024,2,4
24314589.jpg,petrun,5,5,FALSE,TRUE,2026-05-12T14:39:35.801885+00:00,,FALSE,R1MAI-2024,29,17
24560469.jpg,petrun,5,5,FALSE,TRUE,2026-05-12T14:40:27.074211+00:00,,FALSE,TTH1-2024,139,1
24046442.jpg,petrun,4,4,FALSE,TRUE,2026-05-12T14:40:33.990184+00:00,,FALSE,A3-2024,111,3
23990297.jpg,petrun,4,12,FALSE,TRUE,2026-05-12T14:47:31.124765+00:00,This one is wrong in Photolith. It should be TB1-2024 station 86 individual nr. 1,TRUE,TB1-2024,85,1
23843734.jpg,petrun,5,5,FALSE,TRUE,2026-05-12T14:48:35.754853+00:00,,FALSE,EF91-2023,23,18
23844930.jpg,petrun,5,5,FALSE,TRUE,2026-05-12T14:48:55.813748+00:00,,FALSE,EF91-2023,29,2
24567932.jpg,petrun,2,2,FALSE,FALSE,2026-05-12T14:49:05.663322+00:00,,FALSE,TTH1-2024,166,4
24071754.jpg,petrun,5,5,FALSE,FALSE,2026-05-12T14:49:12.936140+00:00,,FALSE,TG1-2024,52,4
24319555.jpg,petrun,10,11,FALSE,TRUE,2026-05-12T14:49:42.397559+00:00,,FALSE,R1MAI-2024,75,8
23949218.jpg,petrun,13,13,FALSE,TRUE,2026-05-12T14:50:39.407856+00:00,,FALSE,OFEB-2024,4,5
24311808.jpg,petrun,5,5,FALSE,TRUE,2026-05-12T14:50:50.541167+00:00,,FALSE,R1MAI-2024,1,3
23951290.jpg,petrun,8,10,FALSE,TRUE,2026-05-12T14:51:18.656344+00:00,,FALSE,TB1-2024,1,9
24321600.jpg,petrun,9,10,FALSE,TRUE,2026-05-12T14:51:53.975016+00:00,,FALSE,OMAI-2024,2,20
24380174.jpg,petrun,12,12,FALSE,TRUE,2026-05-12T14:52:18.671189+00:00,,FALSE,B11-2024,439,5
24878526.jpg,petrun,5,5,FALSE,TRUE,2026-05-12T14:52:29.353440+00:00,,FALSE,A4-2025,146,10
24867302.jpg,petrun,4,4,TRUE,TRUE,2026-05-12T14:52:56.273943+00:00,,FALSE,A4-2025,123,5
24306798.jpg,petrun,5,5,FALSE,TRUE,2026-05-12T14:53:05.983541+00:00,,FALSE,EF66-2024,33,4
24340618.jpg,petrun,5,5,FALSE,TRUE,2026-05-12T14:53:15.078606+00:00,,FALSE,EF25-2024,72,17
24561528.jpg,petrun,5,5,FALSE,TRUE,2026-05-12T14:53:28.899803+00:00,,FALSE,TTH1-2024,143,4
24315652.jpg,petrun,10,11,FALSE,FALSE,2026-05-12T14:54:04.179538+00:00,,FALSE,R1MAI-2024,39,13
24633346.jpg,petrun,4,5,FALSE,FALSE,2026-05-12T14:54:17.394724+00:00,,FALSE,R1NOV-2024,11,5
24709291.jpg,petrun,5,5,FALSE,FALSE,2026-05-12T14:54:24.614120+00:00,,FALSE,TB1-2025,37,6
24040797.jpg,petrun,4,4,FALSE,TRUE,2026-05-12T14:54:30.966752+00:00,,FALSE,A3-2024,94,2
24499616.jpg,petrun,7,5,FALSE,FALSE,2026-05-12T15:01:43.544159+00:00,"Is really TB2-2024, station 87, individual 8. Put in wrong into Photolith.",TRUE,TB2-2024,95,8
24529225.jpg,petrun,5,5,FALSE,TRUE,2026-05-12T15:02:24.539090+00:00,,FALSE,TTH1-2024,90,8
24341718.jpg,petrun,3,3,TRUE,TRUE,2026-05-12T15:02:39.394257+00:00,,FALSE,EF25-2024,75,15
24921063.jpg,petrun,5,5,FALSE,FALSE,2026-05-12T15:02:45.692689+00:00,,FALSE,Þ1-2025,42,2
24430942.jpg,petrun,9,10,TRUE,TRUE,2026-05-13T08:13:47.741553+00:00,,FALSE,AJUN-2024,1,2
24898629.jpg,petrun,3,3,FALSE,TRUE,2026-05-13T08:13:56.689048+00:00,,FALSE,A4-2025,195,3
24736645.jpg,petrun,3,3,FALSE,TRUE,2026-05-13T08:14:04.998310+00:00,,FALSE,TTH1-2025,19,4
24180236.jpg,petrun,10,10,TRUE,TRUE,2026-05-13T08:17:56.966646+00:00,,FALSE,NMAR-2024,1,12
24696992.jpg,petrun,0,10,FALSE,TRUE,2026-05-13T08:18:39.114255+00:00,Really hard to see the age of the otolith in this image,TRUE,TB1-2025,7,4
24306811.jpg,petrun,5,5,FALSE,TRUE,2026-05-13T08:18:47.668405+00:00,,FALSE,EF66-2024,33,17
23901135.jpg,petrun,10,10,FALSE,TRUE,2026-05-13T08:18:57.616629+00:00,,FALSE,IJAN-2024,6,14
23991856.jpg,petrun,5,5,TRUE,TRUE,2026-05-13T08:19:27.528882+00:00,,FALSE,A3-2024,18,2
24884543.jpg,petrun,5,5,FALSE,TRUE,2026-05-13T08:19:36.678002+00:00,,FALSE,A4-2025,161,1
24873396.jpg,petrun,5,5,TRUE,TRUE,2026-05-13T08:20:18.168160+00:00,,FALSE,A4-2025,136,2
24798972.jpg,petrun,5,5,FALSE,TRUE,2026-05-13T08:20:28.721307+00:00,,FALSE,A4-2025,101,4
24775360.jpg,petrun,3,3,FALSE,TRUE,2026-05-13T08:20:35.026319+00:00,,FALSE,A4-2025,49,4
23948345.jpg,petrun,5,5,TRUE,TRUE,2026-05-13T08:21:57.794972+00:00,Can't see the innermost ring very well. Could be 6 years,FALSE,R1FEB-2024,22,18
24526103.jpg,petrun,1,2,FALSE,TRUE,2026-05-13T08:22:05.592773+00:00,,FALSE,TTH1-2024,79,7
23851483.jpg,petrun,4,4,TRUE,TRUE,2026-05-13T08:22:30.974574+00:00,,FALSE,EF25-2023,118,16
24254141.jpg,petrun,5,5,FALSE,TRUE,2026-05-13T08:22:39.046452+00:00,,FALSE,IMAR-2024,1,18
24821713.jpg,petrun,4,5,TRUE,TRUE,2026-05-13T08:23:32.377150+00:00,,FALSE,TB1-2025,119,3
24832355.jpg,petrun,5,5,FALSE,TRUE,2026-05-13T08:23:42.174315+00:00,,FALSE,TB1-2025,150,1
24376330.jpg,petrun,4,5,TRUE,TRUE,2026-05-13T08:24:06.418436+00:00,,FALSE,B11-2024,429,5
24019887.jpg,petrun,5,5,FALSE,TRUE,2026-05-13T08:24:17.570417+00:00,,FALSE,A3-2024,87,3
24561789.jpg,petrun,5,5,FALSE,FALSE,2026-05-13T08:24:28.616964+00:00,,FALSE,TTH1-2024,144,6
24122392.jpg,petrun,4,4,FALSE,TRUE,2026-05-13T08:24:35.992570+00:00,,FALSE,B3-2024,139,12
23990316.jpg,petrun,9,12,FALSE,TRUE,2026-05-13T08:24:57.704580+00:00,,FALSE,TB1-2024,85,12
24528871.jpg,petrun,2,2,FALSE,TRUE,2026-05-13T08:25:05.782473+00:00,,FALSE,TTH1-2024,89,12
23254826.jpg,petrun,2,2,FALSE,FALSE,2026-05-13T08:25:11.323338+00:00,,FALSE,B3-2023,79,7
24798425.jpg,petrun,5,5,FALSE,TRUE,2026-05-13T08:25:17.735932+00:00,,FALSE,A4-2025,100,3
24744576.jpg,petrun,5,5,FALSE,TRUE,2026-05-13T08:25:24.124778+00:00,,FALSE,TTH1-2025,46,6
23849541.jpg,petrun,5,5,TRUE,TRUE,2026-05-13T08:25:47.208868+00:00,,FALSE,EF25-2023,110,17
24547064.jpg,petrun,2,4,FALSE,TRUE,2026-05-13T08:25:55.773320+00:00,,FALSE,OSEP-2024,17,4
24886393.jpg,petrun,3,3,FALSE,TRUE,2026-05-13T08:26:04.608490+00:00,,FALSE,A4-2025,165,3
24164357.jpg,petrun,1,1,FALSE,FALSE,2026-05-13T08:26:10.303606+00:00,,FALSE,TG1-2024,95,10
24325656.jpg,petrun,4,4,FALSE,TRUE,2026-05-13T08:26:26.795884+00:00,,FALSE,OMAI-2024,38,19
24552654.jpg,petrun,4,4,FALSE,TRUE,2026-05-13T08:26:37.729853+00:00,,FALSE,TB2-2024,142,7
24498706.jpg,petrun,13,13,FALSE,TRUE,2026-05-13T08:29:55.054649+00:00,It is likely that the first year is missing from the image - the otolith was cut a bit wrong. Age is estimated by assuming that the first year is there.,FALSE,TB2-2024,87,1
24909325.jpg,petrun,4,4,FALSE,TRUE,2026-05-13T08:30:03.292433+00:00,,FALSE,Þ1-2025,11,4
24637756.jpg,petrun,2,2,FALSE,TRUE,2026-05-13T08:30:14.328791+00:00,,FALSE,ODES-2024,28,2
24745408.jpg,petrun,5,5,FALSE,TRUE,2026-05-13T08:30:24.622581+00:00,,FALSE,TTH1-2025,49,5
24816837.jpg,petrun,9,10,TRUE,TRUE,2026-05-13T10:16:36.357539+00:00,,FALSE,TB1-2025,109,5
24705947.jpg,petrun,5,5,FALSE,TRUE,2026-05-13T10:16:48.149604+00:00,,FALSE,TB1-2025,27,10
23946321.jpg,petrun,5,5,TRUE,TRUE,2026-05-13T10:17:06.099790+00:00,,FALSE,R1FEB-2024,5,12
23930258.jpg,petrun,4,4,FALSE,TRUE,2026-05-13T10:17:48.827415+00:00,,FALSE,EF25-2024,11,15
24614853.jpg,petrun,5,5,FALSE,TRUE,2026-05-13T10:18:03.205874+00:00,,FALSE,ASEP-2024,20,13
24698087.jpg,petrun,8,10,FALSE,TRUE,2026-05-13T10:18:26.527671+00:00,,FALSE,TB1-2025,9,2
24816103.jpg,petrun,9,10,FALSE,TRUE,2026-05-13T10:18:44.792252+00:00,,FALSE,TB1-2025,107,6
24911794.jpg,petrun,1,1,FALSE,FALSE,2026-05-13T10:18:50.202099+00:00,,FALSE,Þ1-2025,18,6
24898180.jpg,petrun,6,4,TRUE,TRUE,2026-05-13T10:19:45.281506+00:00,,FALSE,A4-2025,193,1
24882609.jpg,petrun,5,5,FALSE,FALSE,2026-05-13T10:19:56.828424+00:00,,FALSE,A4-2025,156,14
24007251.jpg,petrun,3,3,FALSE,TRUE,2026-05-13T10:20:03.434888+00:00,,FALSE,A3-2024,57,1
24409335.jpg,petrun,10,10,FALSE,TRUE,2026-05-13T10:20:43.484457+00:00,,FALSE,R1JUL-2024,16,11
24748048.jpg,petrun,5,5,TRUE,TRUE,2026-05-13T10:21:24.084004+00:00,,FALSE,TTH1-2025,58,1
24721428.jpg,petrun,10,10,FALSE,TRUE,2026-05-13T10:21:32.991147+00:00,,FALSE,TB1-2025,67,3
24718504.jpg,petrun,1,1,FALSE,TRUE,2026-05-13T10:21:38.033887+00:00,,FALSE,TB1-2025,62,2
24319738.jpg,petrun,9,4,TRUE,TRUE,2026-05-13T10:23:42.854246+00:00,Image is from the wrong slide. Correct slide is R1MAI-2024 station 77,TRUE,R1MAI-2024,76,15
24258986.jpg,petrun,3,5,TRUE,TRUE,2026-05-13T10:23:53.150181+00:00,,FALSE,R1APR-2024,29,13
24428588.jpg,petrun,5,5,FALSE,FALSE,2026-05-13T10:24:04.991341+00:00,,FALSE,AMAI-2024,8,7
24566540.jpg,petrun,4,5,FALSE,TRUE,2026-05-13T10:24:14.538330+00:00,,FALSE,TTH1-2024,162,6
24887151.jpg,petrun,3,3,FALSE,TRUE,2026-05-13T10:24:22.189095+00:00,,FALSE,A4-2025,167,3
24877060.jpg,petrun,4,4,FALSE,TRUE,2026-05-13T10:24:28.596204+00:00,,FALSE,A4-2025,143,2
24527731.jpg,petrun,4,5,TRUE,TRUE,2026-05-13T10:24:41.835074+00:00,,FALSE,TTH1-2024,85,7
24552019.jpg,petrun,4,4,FALSE,TRUE,2026-05-13T10:24:59.380848+00:00,,FALSE,TB2-2024,137,3
23709654.jpg,petrun,4,4,FALSE,TRUE,2026-05-13T10:25:22.139108+00:00,,FALSE,EF114-2023,10,13
23877439.jpg,petrun,5,5,FALSE,TRUE,2026-05-13T10:25:32.415141+00:00,,FALSE,EF22-2023,65,12
24120449.jpg,petrun,5,5,FALSE,TRUE,2026-05-13T10:25:40.072250+00:00,,FALSE,B3-2024,133,13
24311807.jpg,petrun,4,4,FALSE,TRUE,2026-05-13T10:25:47.214667+00:00,,FALSE,R1MAI-2024,1,2
24898183.jpg,petrun,6,2,TRUE,TRUE,2026-05-13T10:31:59.567869+00:00,Nr 1-4 in this station should be nr. 2-5. The first otolith is missing from the slide and the ingester didn‘t notice and put the otoliths in as nr 1-4 instead of 2-5. This specific otolith should be individual nr. 5.,TRUE,A4-2025,193,4
24420277.jpg,petrun,4,5,FALSE,TRUE,2026-05-13T10:32:08.682027+00:00,,FALSE,IJUL-2024,3,18
24803556.jpg,petrun,2,3,FALSE,TRUE,2026-05-13T10:32:14.562581+00:00,,FALSE,A4-2025,112,2
24644204.jpg,petrun,5,5,FALSE,TRUE,2026-05-13T10:32:28.522445+00:00,,FALSE,ANOV-2024,12,2
24528388.jpg,petrun,3,3,FALSE,TRUE,2026-05-13T10:32:35.744468+00:00,,FALSE,TTH1-2024,87,14
24634555.jpg,petrun,5,5,FALSE,TRUE,2026-05-13T10:33:07.710638+00:00,,FALSE,R1NOV-2024,22,10
23988446.jpg,petrun,10,10,TRUE,TRUE,2026-05-13T10:34:07.855203+00:00,,FALSE,TB1-2024,81,5
24552957.jpg,petrun,2,4,FALSE,TRUE,2026-05-13T10:34:23.795663+00:00,,FALSE,TB2-2024,143,7
24419867.jpg,petrun,4,5,FALSE,TRUE,2026-05-13T10:34:31.114398+00:00,,FALSE,IJUN-2024,19,1
24904952.jpg,petrun,4,4,FALSE,TRUE,2026-05-13T10:34:41.433609+00:00,,FALSE,Þ1-2025,3,11
24777702.jpg,petrun,5,5,FALSE,TRUE,2026-05-13T10:34:48.394569+00:00,,FALSE,A4-2025,56,5
24336881.jpg,petrun,4,5,FALSE,TRUE,2026-05-13T10:34:56.956422+00:00,,FALSE,EF25-2024,59,6
23849528.jpg,petrun,4,4,FALSE,TRUE,2026-05-13T10:35:04.116559+00:00,,FALSE,EF25-2023,110,4
24314550.jpg,petrun,4,4,FALSE,TRUE,2026-05-13T10:35:41.167435+00:00,,FALSE,R1MAI-2024,29,3
23894718.jpg,petrun,5,5,FALSE,TRUE,2026-05-13T10:35:49.868420+00:00,,FALSE,ADES-2023,12,15
24766855.jpg,petrun,4,4,FALSE,FALSE,2026-05-13T10:35:58.245348+00:00,,FALSE,A4-2025,27,2
23991943.jpg,petrun,10,10,FALSE,TRUE,2026-05-13T10:36:38.859743+00:00,,FALSE,A3-2024,18,14
24896984.jpg,petrun,3,4,FALSE,TRUE,2026-05-13T10:36:46.572091+00:00,,FALSE,A4-2025,190,5
24320406.jpg,petrun,9,10,FALSE,TRUE,2026-05-13T10:37:06.474935+00:00,,FALSE,R1MAI-2024,83,4
24017717.jpg,petrun,5,5,FALSE,TRUE,2026-05-13T10:37:16.514075+00:00,,FALSE,A3-2024,84,1
24039104.jpg,petrun,3,5,FALSE,TRUE,2026-05-13T10:37:26.306050+00:00,,FALSE,B3-2024,126,1
24147422.jpg,petrun,10,10,FALSE,TRUE,2026-05-13T10:39:34.956750+00:00,,FALSE,A3-2024,152,3
23851234.jpg,petrun,5,5,TRUE,TRUE,2026-05-13T10:40:22.703653+00:00,,FALSE,EF25-2023,117,13
24745705.jpg,petrun,5,5,FALSE,FALSE,2026-05-13T10:40:33.069776+00:00,,FALSE,TTH1-2025,50,3
24637895.jpg,petrun,10,10,TRUE,TRUE,2026-05-13T10:41:11.573021+00:00,,FALSE,ODES-2024,29,4
24730522.jpg,petrun,10,10,TRUE,TRUE,2026-05-13T10:41:58.950349+00:00,First year is missing from this image - wrong cut of otolith.,FALSE,TB1-2025,83,14
24772103.jpg,petrun,5,5,FALSE,TRUE,2026-05-13T10:42:06.634129+00:00,,FALSE,A4-2025,39,1
24732112.jpg,petrun,5,4,FALSE,TRUE,2026-05-13T10:42:15.552156+00:00,,FALSE,TTH1-2025,4,2
24879565.jpg,petrun,5,5,FALSE,TRUE,2026-05-13T10:42:32.919070+00:00,,FALSE,A4-2025,150,13
24879557.jpg,petrun,4,4,FALSE,TRUE,2026-05-13T14:45:50.702254+00:00,,FALSE,A4-2025,150,5
24601316.jpg,petrun,11,10,FALSE,TRUE,2026-05-13T14:46:18.708493+00:00,,FALSE,NNOV-2024,18,4